deployment,record_results_cbt_mpn_e
August/September 2024 Baseline,Unsafe
August/September 2024 Baseline,Unsafe
August/September 2024 Baseline,Unsafe
August/September 2024 Baseline,Unsafe
August/September 2024 Baseline,Unsafe
August/September 2024 Baseline,Unsafe
August/September 2024 Baseline,Unsafe
August/September 2024 Baseline,Low Risk/Safe
August/September 2024 Baseline,Unsafe
August/September 2024 Baseline,Unsafe
August/September 2024 Baseline,High Risk/Probably Unsafe
August/September 2024 Baseline,Intermediate Risk/Probably Safe
August/September 2024 Baseline,Unsafe
August/September 2024 Baseline,High Risk/Possibly Unsafe
August/September 2024 Baseline,Intermediate Risk/Probably Safe
August/September 2024 Baseline,Intermediate Risk/Possibly Safe
August/September 2024 Baseline,Unsafe
August/September 2024 Baseline,High Risk/Possibly Unsafe
August/September 2024 Baseline,Intermediate Risk/Possibly Safe
August/September 2024 Baseline,High Risk/Possibly Unsafe
August/September 2024 Baseline,Unsafe
August/September 2024 Baseline,Unsafe
August/September 2024 Baseline,High Risk/Probably Unsafe
August/September 2024 Baseline,Unsafe
August/September 2024 Baseline,Unsafe
August/September 2024 Baseline,Unsafe
August/September 2024 Baseline,High Risk/Possibly Unsafe
August/September 2024 Baseline,Unsafe
August/September 2024 Baseline,Intermediate Risk/Possibly Safe
August/September 2024 Baseline,Unsafe
August/September 2024 Baseline,Unsafe
August/September 2024 Baseline,High Risk/Possibly Unsafe
August/September 2024 Baseline,High Risk/Probably Unsafe
August/September 2024 Baseline,Unsafe
August/September 2024 Baseline,Unsafe
August/September 2024 Baseline,Unsafe
August/September 2024 Baseline,Intermediate Risk/Probably Safe
August/September 2024 Baseline,Unsafe
August/September 2024 Baseline,Unsafe
August/September 2024 Baseline,Unsafe
August/September 2024 Baseline,Unsafe
August/September 2024 Baseline,Intermediate Risk/Possibly Safe
August/September 2024 Baseline,High Risk/Probably Unsafe
August/September 2024 Baseline,Unsafe
August/September 2024 Baseline,Unsafe
August/September 2024 Baseline,Unsafe
August/September 2024 Baseline,Unsafe
August/September 2024 Baseline,High Risk/Possibly Unsafe
August/September 2024 Baseline,High Risk/Possibly Unsafe
August/September 2024 Baseline,Unsafe
August/September 2024 Baseline,Unsafe
August/September 2024 Baseline,Unsafe
August/September 2024 Baseline,High Risk/Probably Unsafe
August/September 2024 Baseline,Unsafe
August/September 2024 Baseline,Unsafe
August/September 2024 Baseline,Unsafe
August/September 2024 Baseline,Intermediate Risk/Probably Safe
August/September 2024 Baseline,Intermediate Risk/Possibly Safe
August/September 2024 Baseline,Unsafe
August/September 2024 Baseline,Unsafe
August/September 2024 Baseline,Intermediate Risk/Probably Safe
August/September 2024 Baseline,Unsafe
August/September 2024 Baseline,High Risk/Probably Unsafe
August/September 2024 Baseline,High Risk/Probably Unsafe
August/September 2024 Baseline,Unsafe
August/September 2024 Baseline,High Risk/Probably Unsafe
August/September 2024 Baseline,High Risk/Possibly Unsafe
August/September 2024 Baseline,High Risk/Probably Unsafe
August/September 2024 Baseline,Unsafe
August/September 2024 Baseline,Unsafe
August/September 2024 Baseline,High Risk/Probably Unsafe
August/September 2024 Baseline,High Risk/Probably Unsafe
August/September 2024 Baseline,Unsafe
August/September 2024 Baseline,Unsafe
August/September 2024 Baseline,Unsafe
August/September 2024 Baseline,Intermediate Risk/Possibly Safe
August/September 2024 Baseline,Unsafe
August/September 2024 Baseline,Unsafe
August/September 2024 Baseline,Unsafe
August/September 2024 Baseline,Unsafe
August/September 2024 Baseline,High Risk/Probably Unsafe
August/September 2024 Baseline,Low Risk/Safe
August/September 2024 Baseline,High Risk/Probably Unsafe
August/September 2024 Baseline,Unsafe
August/September 2024 Baseline,Intermediate Risk/Possibly Safe
August/September 2024 Baseline,Unsafe
August/September 2024 Baseline,High Risk/Possibly Unsafe
August/September 2024 Baseline,Unsafe
August/September 2024 Baseline,Intermediate Risk/Probably Safe
August/September 2024 Baseline,High Risk/Possibly Unsafe
August/September 2024 Baseline,Unsafe
August/September 2024 Baseline,Unsafe
August/September 2024 Baseline,Intermediate Risk/Probably Safe
August/September 2024 Baseline,Unsafe
August/September 2024 Baseline,Unsafe
August/September 2024 Baseline,Unsafe
August/September 2024 Baseline,Unsafe
August/September 2024 Baseline,Unsafe
August/September 2024 Baseline,Unsafe
August/September 2024 Baseline,High Risk/Probably Unsafe
August/September 2024 Baseline,Unsafe
August/September 2024 Baseline,High Risk/Possibly Unsafe
August/September 2024 Baseline,Unsafe
August/September 2024 Baseline,Intermediate Risk/Probably Safe
August/September 2024 Baseline,Unsafe
August/September 2024 Baseline,High Risk/Probably Unsafe
August/September 2024 Baseline,Unsafe
August/September 2024 Baseline,Intermediate Risk/Possibly Safe
August/September 2024 Baseline,Unsafe
August/September 2024 Baseline,High Risk/Possibly Unsafe
August/September 2024 Baseline,Unsafe
August/September 2024 Baseline,Intermediate Risk/Possibly Safe
August/September 2024 Baseline,Unsafe
August/September 2024 Baseline,Unsafe
August/September 2024 Baseline,Intermediate Risk/Possibly Safe
August/September 2024 Baseline,High Risk/Probably Unsafe
August/September 2024 Baseline,Intermediate Risk/Possibly Safe
August/September 2024 Baseline,High Risk/Probably Unsafe
August/September 2024 Baseline,Unsafe
August/September 2024 Baseline,Unsafe
August/September 2024 Baseline,Intermediate Risk/Possibly Safe
August/September 2024 Baseline,Unsafe
August/September 2024 Baseline,High Risk/Probably Unsafe
August/September 2024 Baseline,High Risk/Possibly Unsafe
August/September 2024 Baseline,Unsafe
August/September 2024 Baseline,Unsafe
August/September 2024 Baseline,Intermediate Risk/Possibly Safe
August/September 2024 Baseline,Intermediate Risk/Possibly Safe
August/September 2024 Baseline,Intermediate Risk/Possibly Safe
August/September 2024 Baseline,Unsafe
August/September 2024 Baseline,Unsafe
August/September 2024 Baseline,Low Risk/Safe
August/September 2024 Baseline,Intermediate Risk/Probably Safe
August/September 2024 Baseline,High Risk/Probably Unsafe
August/September 2024 Baseline,Unsafe
August/September 2024 Baseline,Unsafe
August/September 2024 Baseline,Unsafe
August/September 2024 Baseline,Unsafe
August/September 2024 Baseline,High Risk/Probably Unsafe
August/September 2024 Baseline,Intermediate Risk/Probably Safe
August/September 2024 Baseline,Low Risk/Safe
August/September 2024 Baseline,High Risk/Possibly Unsafe
August/September 2024 Baseline,Intermediate Risk/Probably Safe
August/September 2024 Baseline,Intermediate Risk/Possibly Safe
August/September 2024 Baseline,Unsafe
August/September 2024 Baseline,Intermediate Risk/Probably Safe
August/September 2024 Baseline,High Risk/Probably Unsafe
August/September 2024 Baseline,Unsafe
August/September 2024 Baseline,Unsafe
August/September 2024 Baseline,Unsafe
August/September 2024 Baseline,Intermediate Risk/Probably Safe
August/September 2024 Baseline,Unsafe
August/September 2024 Baseline,High Risk/Probably Unsafe
August/September 2024 Baseline,High Risk/Probably Unsafe
August/September 2024 Baseline,Intermediate Risk/Possibly Safe
August/September 2024 Baseline,Intermediate Risk/Possibly Safe
August/September 2024 Baseline,Unsafe
August/September 2024 Baseline,High Risk/Probably Unsafe
August/September 2024 Baseline,Low Risk/Safe
August/September 2024 Baseline,Unsafe
August/September 2024 Baseline,Unsafe
August/September 2024 Baseline,High Risk/Probably Unsafe
August/September 2024 Baseline,Unsafe
August/September 2024 Baseline,Unsafe
August/September 2024 Baseline,Unsafe
August/September 2024 Baseline,Low Risk/Safe
August/September 2024 Baseline,Low Risk/Safe
August/September 2024 Baseline,Unsafe
August/September 2024 Baseline,Intermediate Risk/Probably Safe
August/September 2024 Baseline,High Risk/Probably Unsafe
August/September 2024 Baseline,Unsafe
August/September 2024 Baseline,High Risk/Probably Unsafe
August/September 2024 Baseline,Intermediate Risk/Probably Safe
August/September 2024 Baseline,Unsafe
August/September 2024 Baseline,Unsafe
August/September 2024 Baseline,Unsafe
August/September 2024 Baseline,Unsafe
August/September 2024 Baseline,Unsafe
August/September 2024 Baseline,Unsafe
August/September 2024 Baseline,Unsafe
August/September 2024 Baseline,Unsafe
August/September 2024 Baseline,Unsafe
August/September 2024 Baseline,Unsafe
August/September 2024 Baseline,High Risk/Possibly Unsafe
August/September 2024 Baseline,Unsafe
August/September 2024 Baseline,Intermediate Risk/Possibly Safe
August/September 2024 Baseline,High Risk/Probably Unsafe
August/September 2024 Baseline,Unsafe
August/September 2024 Baseline,Unsafe
August/September 2024 Baseline,Unsafe
August/September 2024 Baseline,Unsafe
August/September 2024 Baseline,Unsafe
August/September 2024 Baseline,Intermediate Risk/Possibly Safe
August/September 2024 Baseline,Unsafe
August/September 2024 Baseline,Unsafe
August/September 2024 Baseline,Unsafe
August/September 2024 Baseline,Unsafe
August/September 2024 Baseline,Unsafe
August/September 2024 Baseline,Unsafe
August/September 2024 Baseline,Unsafe
August/September 2024 Baseline,Low Risk/Safe
August/September 2024 Baseline,High Risk/Possibly Unsafe
August/September 2024 Baseline,Unsafe
August/September 2024 Baseline,Intermediate Risk/Possibly Safe
August/September 2024 Baseline,Intermediate Risk/Possibly Safe
August/September 2024 Baseline,Unsafe
August/September 2024 Baseline,Unsafe
August/September 2024 Baseline,High Risk/Possibly Unsafe
August/September 2024 Baseline,Unsafe
August/September 2024 Baseline,High Risk/Probably Unsafe
August/September 2024 Baseline,Unsafe
August/September 2024 Baseline,Unsafe
August/September 2024 Baseline,High Risk/Probably Unsafe
August/September 2024 Baseline,Unsafe
August/September 2024 Baseline,High Risk/Probably Unsafe
August/September 2024 Baseline,Unsafe
August/September 2024 Baseline,Unsafe
August/September 2024 Baseline,High Risk/Possibly Unsafe
August/September 2024 Baseline,Intermediate Risk/Probably Safe
August/September 2024 Baseline,Unsafe
August/September 2024 Baseline,Low Risk/Safe
August/September 2024 Baseline,Low Risk/Safe
August/September 2024 Baseline,Unsafe
August/September 2024 Baseline,Intermediate Risk/Possibly Safe
August/September 2024 Baseline,High Risk/Probably Unsafe
August/September 2024 Baseline,Unsafe
August/September 2024 Baseline,Unsafe
August/September 2024 Baseline,Intermediate Risk/Probably Safe
August/September 2024 Baseline,Unsafe
August/September 2024 Baseline,Unsafe
August/September 2024 Baseline,Unsafe
August/September 2024 Baseline,Intermediate Risk/Possibly Safe
August/September 2024 Baseline,High Risk/Possibly Unsafe
August/September 2024 Baseline,Intermediate Risk/Possibly Safe
August/September 2024 Baseline,Unsafe
August/September 2024 Baseline,Unsafe
August/September 2024 Baseline,High Risk/Probably Unsafe
August/September 2024 Baseline,Intermediate Risk/Probably Safe
August/September 2024 Baseline,Intermediate Risk/Possibly Safe
August/September 2024 Baseline,Low Risk/Safe
August/September 2024 Baseline,Low Risk/Safe
August/September 2024 Baseline,Low Risk/Safe
August/September 2024 Baseline,Unsafe
August/September 2024 Baseline,Unsafe
August/September 2024 Baseline,Unsafe
August/September 2024 Baseline,Unsafe
August/September 2024 Baseline,Low Risk/Safe
August/September 2024 Baseline,High Risk/Probably Unsafe
August/September 2024 Baseline,Intermediate Risk/Probably Safe
August/September 2024 Baseline,Unsafe
August/September 2024 Baseline,Unsafe
August/September 2024 Baseline,Unsafe
August/September 2024 Baseline,Unsafe
August/September 2024 Baseline,Unsafe
August/September 2024 Baseline,Unsafe
August/September 2024 Baseline,Unsafe
August/September 2024 Baseline,Unsafe
August/September 2024 Baseline,Unsafe
August/September 2024 Baseline,Unsafe
August/September 2024 Baseline,Unsafe
August/September 2024 Baseline,Unsafe
August/September 2024 Baseline,Unsafe
August/September 2024 Baseline,Unsafe
August/September 2024 Baseline,Intermediate Risk/Possibly Safe
August/September 2024 Baseline,Unsafe
August/September 2024 Baseline,Unsafe
August/September 2024 Baseline,Unsafe
August/September 2024 Baseline,Unsafe
August/September 2024 Baseline,Unsafe
August/September 2024 Baseline,Unsafe
August/September 2024 Baseline,Unsafe
August/September 2024 Baseline,Unsafe
August/September 2024 Baseline,Unsafe
August/September 2024 Baseline,Unsafe
August/September 2024 Baseline,Unsafe
January 2025 - Monitoring,Low Risk/Safe
January 2025 - Monitoring,Low Risk/Safe
January 2025 - Monitoring,Low Risk/Safe
January 2025 - Monitoring,Low Risk/Safe
January 2025 - Monitoring,Low Risk/Safe
January 2025 - Monitoring,Low Risk/Safe
January 2025 - Monitoring,Low Risk/Safe
January 2025 - Monitoring,Low Risk/Safe
January 2025 - Monitoring,Low Risk/Safe
January 2025 - Monitoring,Low Risk/Safe
January 2025 - Monitoring,Low Risk/Safe
January 2025 - Monitoring,Low Risk/Safe
January 2025 - Monitoring,Low Risk/Safe
January 2025 - Monitoring,Low Risk/Safe
January 2025 - Monitoring,Low Risk/Safe
January 2025 - Monitoring,Low Risk/Safe
January 2025 - Monitoring,Low Risk/Safe
January 2025 - Monitoring,Low Risk/Safe
January 2025 - Monitoring,Low Risk/Safe
January 2025 - Monitoring,Low Risk/Safe
January 2025 - Monitoring,Low Risk/Safe
January 2025 - Monitoring,Low Risk/Safe
January 2025 - Monitoring,Low Risk/Safe
January 2025 - Monitoring,Low Risk/Safe
January 2025 - Monitoring,Low Risk/Safe
January 2025 - Monitoring,Low Risk/Safe
January 2025 - Monitoring,Low Risk/Safe
January 2025 - Monitoring,Low Risk/Safe
January 2025 - Monitoring,Low Risk/Safe
January 2025 - Monitoring,Low Risk/Safe
January 2025 - Monitoring,Low Risk/Safe
January 2025 - Monitoring,Low Risk/Safe
January 2025 - Monitoring,Low Risk/Safe
January 2025 - Monitoring,Low Risk/Safe
January 2025 - Monitoring,Low Risk/Safe
January 2025 - Monitoring,Low Risk/Safe
January 2025 - Monitoring,Low Risk/Safe
January 2025 - Monitoring,Low Risk/Safe
January 2025 - Monitoring,Low Risk/Safe
January 2025 - Monitoring,Low Risk/Safe
January 2025 - Monitoring,Low Risk/Safe
January 2025 - Monitoring,Low Risk/Safe
January 2025 - Monitoring,Low Risk/Safe
January 2025 - Monitoring,Low Risk/Safe
January 2025 - Monitoring,Low Risk/Safe
January 2025 - Monitoring,Low Risk/Safe
January 2025 - Monitoring,Low Risk/Safe
January 2025 - Monitoring,Low Risk/Safe
January 2025 - Monitoring,Low Risk/Safe
January 2025 - Monitoring,Low Risk/Safe
January 2025 - Monitoring,Low Risk/Safe
January 2025 - Monitoring,Low Risk/Safe
January 2025 - Monitoring,Low Risk/Safe
January 2025 - Monitoring,Low Risk/Safe
January 2025 - Monitoring,Low Risk/Safe
January 2025 - Monitoring,Low Risk/Safe
January 2025 - Monitoring,Low Risk/Safe
January 2025 - Monitoring,Low Risk/Safe
January 2025 - Monitoring,Low Risk/Safe
January 2025 - Monitoring,Low Risk/Safe
January 2025 - Monitoring,Low Risk/Safe
January 2025 - Monitoring,Low Risk/Safe
January 2025 - Monitoring,Low Risk/Safe
January 2025 - Monitoring,Low Risk/Safe
January 2025 - Monitoring,Low Risk/Safe
January 2025 - Monitoring,Low Risk/Safe
January 2025 - Monitoring,Low Risk/Safe
January 2025 - Monitoring,Low Risk/Safe
January 2025 - Monitoring,Low Risk/Safe
January 2025 - Monitoring,Low Risk/Safe
January 2025 - Monitoring,Low Risk/Safe
January 2025 - Monitoring,Low Risk/Safe
January 2025 - Monitoring,Low Risk/Safe
January 2025 - Monitoring,Low Risk/Safe
January 2025 - Monitoring,Low Risk/Safe
January 2025 - Monitoring,Low Risk/Safe
January 2025 - Monitoring,Low Risk/Safe
January 2025 - Monitoring,Low Risk/Safe
January 2025 - Monitoring,Low Risk/Safe
January 2025 - Monitoring,Low Risk/Safe
January 2025 - Monitoring,Low Risk/Safe
January 2025 - Monitoring,Low Risk/Safe
January 2025 - Monitoring,Low Risk/Safe
January 2025 - Monitoring,Low Risk/Safe
January 2025 - Monitoring,Low Risk/Safe
January 2025 - Monitoring,Low Risk/Safe
January 2025 - Monitoring,Low Risk/Safe
January 2025 - Monitoring,Low Risk/Safe
January 2025 - Monitoring,Low Risk/Safe
January 2025 - Monitoring,Low Risk/Safe
January 2025 - Monitoring,Low Risk/Safe
January 2025 - Monitoring,Low Risk/Safe
January 2025 - Monitoring,Low Risk/Safe
January 2025 - Monitoring,Low Risk/Safe
January 2025 - Monitoring,Low Risk/Safe
January 2025 - Monitoring,Low Risk/Safe
January 2025 - Monitoring,Low Risk/Safe
January 2025 - Monitoring,Low Risk/Safe
January 2025 - Monitoring,Low Risk/Safe
January 2025 - Monitoring,Low Risk/Safe
January 2025 - Monitoring,Low Risk/Safe
January 2025 - Monitoring,Low Risk/Safe
January 2025 - Monitoring,Low Risk/Safe
January 2025 - Monitoring,Low Risk/Safe
January 2025 - Monitoring,Low Risk/Safe
January 2025 - Monitoring,Low Risk/Safe
January 2025 - Monitoring,Low Risk/Safe
January 2025 - Monitoring,Low Risk/Safe
January 2025 - Monitoring,Low Risk/Safe
January 2025 - Monitoring,Low Risk/Safe
January 2025 - Monitoring,Low Risk/Safe
January 2025 - Monitoring,Low Risk/Safe
January 2025 - Monitoring,Low Risk/Safe
January 2025 - Monitoring,Low Risk/Safe
January 2025 - Monitoring,Low Risk/Safe
January 2025 - Monitoring,Low Risk/Safe
January 2025 - Monitoring,Low Risk/Safe
Training August 2025,Low Risk/Safe
Training August 2025,Low Risk/Safe
Training August 2025,Low Risk/Safe
Training August 2025,Low Risk/Safe
Training August 2025,Low Risk/Safe
Internal water testing September 2025,Low Risk/Safe
Internal water testing September 2025,Low Risk/Safe
Internal water testing September 2025,Low Risk/Safe
Internal water testing September 2025,Intermediate Risk/Probably Safe
Internal water testing September 2025,High Risk/Possibly Unsafe
Internal water testing September 2025,Low Risk/Safe
Internal water testing September 2025,Low Risk/Safe
Internal water testing September 2025,Low Risk/Safe
Internal water testing September 2025,Low Risk/Safe
Internal water testing September 2025,Low Risk/Safe
Internal water testing September 2025,Low Risk/Safe
Internal water testing September 2025,Low Risk/Safe
Internal water testing September 2025,Low Risk/Safe
Internal water testing September 2025,Low Risk/Safe
Internal water testing September 2025,Low Risk/Safe
Internal water testing September 2025,Low Risk/Safe
Internal water testing September 2025,Low Risk/Safe
Internal water testing September 2025,Low Risk/Safe
Internal water testing September 2025,Low Risk/Safe
Internal water testing September 2025,Low Risk/Safe
Internal water testing September 2025,Low Risk/Safe
Internal water testing September 2025,Low Risk/Safe
Internal water testing September 2025,Low Risk/Safe
Internal water testing September 2025,High Risk/Possibly Unsafe
Internal water testing September 2025,Intermediate Risk/Probably Safe
Internal water testing September 2025,Low Risk/Safe
Internal water testing September 2025,Low Risk/Safe
Internal water testing September 2025,Unsafe
Internal water testing September 2025,Intermediate Risk/Probably Safe
Internal water testing September 2025,Low Risk/Safe
Internal water testing September 2025,Low Risk/Safe
Internal water testing September 2025,Low Risk/Safe
Internal water testing September 2025,Low Risk/Safe
Internal water testing September 2025,Low Risk/Safe
Internal water testing September 2025,Low Risk/Safe
Internal water testing September 2025,Low Risk/Safe
Internal water testing September 2025,Low Risk/Safe
Internal water testing September 2025,Low Risk/Safe
Internal water testing September 2025,Low Risk/Safe
Internal water testing September 2025,Low Risk/Safe
Internal water testing September 2025,Low Risk/Safe
Internal water testing September 2025,High Risk/Probably Unsafe
Internal water testing September 2025,Low Risk/Safe
Internal water testing September 2025,Unsafe
Internal water testing September 2025,Intermediate Risk/Probably Safe
Internal water testing September 2025,Low Risk/Safe
Internal water testing September 2025,Low Risk/Safe
Internal water testing September 2025,Low Risk/Safe
Internal water testing September 2025,Low Risk/Safe
Internal water testing September 2025,Low Risk/Safe
Internal water testing September 2025,Low Risk/Safe
Internal water testing September 2025,Low Risk/Safe
Internal water testing September 2025,Low Risk/Safe
Internal water testing September 2025,Low Risk/Safe
Internal water testing September 2025,Low Risk/Safe
Internal water testing September 2025,Low Risk/Safe
Internal water testing September 2025,Low Risk/Safe
Internal water testing September 2025,Low Risk/Safe
Internal water testing September 2025,Low Risk/Safe
Internal water testing September 2025,Low Risk/Safe
Internal water testing September 2025,Intermediate Risk/Possibly Safe
Internal water testing September 2025,Low Risk/Safe
Internal water testing September 2025,Low Risk/Safe
Internal water testing September 2025,Low Risk/Safe
Internal water testing September 2025,Low Risk/Safe
Internal water testing September 2025,Low Risk/Safe
Internal water testing September 2025,Low Risk/Safe
Internal water testing September 2025,Low Risk/Safe
Internal water testing September 2025,Low Risk/Safe
Internal water testing September 2025,Low Risk/Safe
Internal water testing September 2025,Low Risk/Safe
Internal water testing September 2025,Low Risk/Safe
Internal water testing September 2025,Low Risk/Safe
Internal water testing September 2025,Low Risk/Safe
Internal water testing September 2025,Low Risk/Safe
Internal water testing September 2025,Low Risk/Safe
Internal water testing September 2025,Low Risk/Safe
Internal water testing September 2025,Low Risk/Safe
Internal water testing September 2025,Low Risk/Safe
Internal water testing September 2025,Low Risk/Safe
Internal water testing September 2025,Low Risk/Safe
Internal water testing September 2025,Low Risk/Safe
Internal water testing September 2025,Low Risk/Safe
Internal water testing September 2025,Low Risk/Safe
Internal water testing September 2025,Low Risk/Safe
Internal water testing September 2025,Low Risk/Safe
Internal water testing September 2025,Low Risk/Safe
Internal water testing September 2025,Low Risk/Safe
Internal water testing September 2025,Low Risk/Safe
Internal water testing September 2025,Low Risk/Safe
Internal water testing September 2025,Low Risk/Safe
Internal water testing September 2025,Low Risk/Safe
Internal water testing September 2025,Low Risk/Safe
Internal water testing September 2025,Low Risk/Safe
Internal water testing September 2025,Intermediate Risk/Probably Safe
Internal water testing September 2025,Low Risk/Safe
Internal water testing September 2025,Low Risk/Safe
Internal water testing September 2025,Low Risk/Safe
Internal water testing September 2025,Low Risk/Safe
Internal water testing September 2025,Low Risk/Safe
Internal water testing September 2025,Low Risk/Safe
Internal water testing September 2025,Low Risk/Safe
Internal water testing September 2025,Low Risk/Safe
Internal water testing September 2025,Low Risk/Safe
Internal water testing September 2025,Low Risk/Safe
Internal water testing September 2025,Intermediate Risk/Probably Safe
Internal water testing September 2025,Intermediate Risk/Probably Safe
Internal water testing September 2025,Intermediate Risk/Probably Safe
Internal water testing September 2025,Low Risk/Safe
Internal water testing September 2025,Low Risk/Safe
Internal water testing September 2025,Low Risk/Safe
Internal water testing September 2025,Low Risk/Safe
Internal water testing September 2025,Low Risk/Safe
Internal water testing September 2025,Low Risk/Safe
Internal water testing September 2025,Low Risk/Safe
Internal water testing September 2025,Low Risk/Safe
Internal water testing September 2025,Low Risk/Safe
Internal water testing September 2025,Low Risk/Safe
Internal water testing September 2025,High Risk/Probably Unsafe
Internal water testing September 2025,Low Risk/Safe
Internal water testing September 2025,Low Risk/Safe
Internal water testing September 2025,Low Risk/Safe
Internal water testing September 2025,NA
Internal water testing September 2025,NA
Internal water testing September 2025,NA
Internal water testing September 2025,NA
Internal water testing September 2025,NA
