deployment,water_point_or_filter,school_id,ecoli_mpn_risk
Migori Baseline Surveys July 2025,Water point,1039875535,Low Risk/Safe
July 2024 Baseline,Water point,709532163,Low Risk/Safe
July 2024 Baseline,Water point,709532273,Unsafe
July 2024 Baseline,Water point,709532273,Unsafe
July 2024 Baseline,Water point,709533418,High Risk/Probably Unsafe
July 2024 Baseline,Water point,709533418,Unsafe
July 2024 Baseline,Water point,709533470,Unsafe
July 2024 Baseline,Water point,709533528,Intermediate Risk/Probably Safe
July 2024 Baseline,Water point,709533607,Low Risk/Safe
July 2024 Baseline,Water point,709533786,High Risk/Probably Unsafe
July 2024 Baseline,Water point,709583059,Intermediate Risk/Possibly Safe
September 2024 Monitoring,Filter,709583059,Low Risk/Safe
September 2024 Monitoring,Filter,709583059,Low Risk/Safe
September 2024 Monitoring,Filter,709583059,Low Risk/Safe
July 2024 Baseline,Water point,709583121,Intermediate Risk/Probably Safe
July 2024 Baseline,Water point,709583190,Unsafe
July 2024 Baseline,Water point,709583190,High Risk/Probably Unsafe
July 2024 Baseline,Water point,709583509,High Risk/Possibly Unsafe
July 2024 Baseline,Water point,709583509,Unsafe
January 2025 Baseline,Water point,709775878,Unsafe
January 2025 Baseline,Water point,709775919,Unsafe
January 2025 Baseline,Water point,709775940,Unsafe
January 2025 Baseline,Water point,709775964,Low Risk/Safe
January 2025 Baseline,Water point,709776006,Unsafe
January 2025 Baseline,Water point,709776037,High Risk/Probably Unsafe
January 2025 Baseline,Water point,709776075,Unsafe
January 2025 Baseline,Water point,709776075,Unsafe
January 2025 Baseline,Water point,709776123,Intermediate Risk/Possibly Safe
January 2025 Baseline,Water point,709776202,Unsafe
January 2025 Baseline,Water point,709776233,Unsafe
January 2025 Baseline,Water point,709776257,Low Risk/Safe
January 2025 Baseline,Water point,709776295,High Risk/Probably Unsafe
January 2025 Baseline,Water point,709776910,Unsafe
January 2025 Baseline,Water point,709776941,Intermediate Risk/Possibly Safe
January 2025 Baseline,Water point,709776965,Low Risk/Safe
January 2025 Baseline,Water point,709776989,High Risk/Probably Unsafe
July 2024 Baseline,Water point,714090335,Unsafe
July 2024 Baseline,Water point,714090366,High Risk/Probably Unsafe
July 2024 Baseline,Water point,714090469,Low Risk/Safe
July 2024 Baseline,Water point,714090548,Low Risk/Safe
July 2024 Baseline,Water point,714090610,Unsafe
July 2024 Baseline,Water point,714090672,Unsafe
July 2024 Baseline,Water point,714090737,Unsafe
July 2024 Baseline,Water point,714091381,High Risk/Probably Unsafe
July 2024 Baseline,Water point,714091453,Low Risk/Safe
July 2024 Baseline,Water point,714091453,Low Risk/Safe
July 2024 Baseline,Water point,714091587,Unsafe
July 2024 Baseline,Water point,714091587,Unsafe
July 2024 Baseline,Water point,714091642,High Risk/Possibly Unsafe
July 2024 Baseline,Water point,714091714,Unsafe
July 2024 Baseline,Water point,714091714,Unsafe
July 2024 Baseline,Water point,714091848,Unsafe
July 2024 Baseline,Water point,714091893,Intermediate Risk/Probably Safe
July 2024 Baseline,Water point,714091893,High Risk/Possibly Unsafe
July 2024 Baseline,Water point,714092021,Unsafe
July 2024 Baseline,Water point,714092083,Low Risk/Safe
July 2024 Baseline,Water point,714092083,Intermediate Risk/Probably Safe
July 2024 Baseline,Water point,714093194,Low Risk/Safe
July 2024 Baseline,Water point,714093280,Low Risk/Safe
July 2024 Baseline,Water point,714093280,Unsafe
July 2024 Baseline,Water point,714093376,Low Risk/Safe
July 2024 Baseline,Water point,714093455,Low Risk/Safe
July 2024 Baseline,Water point,714093479,Unsafe
September 2024 Monitoring,Filter,714093479,Low Risk/Safe
September 2024 Monitoring,Filter,714093479,Low Risk/Safe
September 2024 Monitoring,Filter,714093479,Low Risk/Safe
September 2024 Monitoring,Filter,714093479,Low Risk/Safe
September 2024 Monitoring,Filter,714093479,Low Risk/Safe
January 2025 Baseline,Water point,714093620,Unsafe
January 2025 Baseline,Water point,714093675,Unsafe
January 2025 Baseline,Water point,714093699,Low Risk/Safe
January 2025 Baseline,Water point,714093699,Unsafe
January 2025 Baseline,Water point,714093747,High Risk/Probably Unsafe
January 2025 Baseline,Water point,714093950,Unsafe
January 2025 Baseline,Water point,714093981,Unsafe
January 2025 Baseline,Water point,714094030,Unsafe
July 2024 Baseline,Water point,714105866,Low Risk/Safe
July 2024 Baseline,Water point,714105952,Low Risk/Safe
July 2024 Baseline,Water point,714106582,Unsafe
July 2024 Baseline,Water point,714106685,Low Risk/Safe
July 2024 Baseline,Water point,714106805,Unsafe
September 2024 Monitoring,Filter,714106805,Low Risk/Safe
September 2024 Monitoring,Filter,714106805,Low Risk/Safe
September 2024 Monitoring,Filter,714106805,Low Risk/Safe
September 2024 Monitoring,Filter,714106805,Low Risk/Safe
September 2024 Monitoring,Filter,714106805,Low Risk/Safe
September 2024 Monitoring,Filter,714106805,Low Risk/Safe
September 2024 Monitoring,Filter,714106805,Low Risk/Safe
July 2024 Baseline,Water point,714106908,Unsafe
July 2024 Baseline,Water point,714106908,Unsafe
July 2024 Baseline,Water point,714108302,Low Risk/Safe
July 2024 Baseline,Water point,714108302,Low Risk/Safe
July 2024 Baseline,Water point,714108450,High Risk/Possibly Unsafe
July 2024 Baseline,Water point,714108450,Unsafe
July 2024 Baseline,Water point,714108625,High Risk/Probably Unsafe
July 2024 Baseline,Water point,714108625,Low Risk/Safe
September 2024 Monitoring,Filter,714108625,Low Risk/Safe
September 2024 Monitoring,Filter,714108625,Low Risk/Safe
September 2024 Monitoring,Filter,714108625,Intermediate Risk/Possibly Safe
September 2024 Monitoring,Filter,714108625,Low Risk/Safe
July 2024 Baseline,Water point,714108694,Unsafe
July 2024 Baseline,Water point,714108766,Low Risk/Safe
July 2024 Baseline,Water point,714108766,High Risk/Probably Unsafe
July 2024 Baseline,Water point,714108821,Low Risk/Safe
July 2024 Baseline,Water point,714108821,Intermediate Risk/Probably Safe
September 2024 Monitoring,Filter,714108821,Low Risk/Safe
September 2024 Monitoring,Filter,714108821,Low Risk/Safe
September 2024 Monitoring,Filter,714108821,Low Risk/Safe
September 2024 Monitoring,Filter,714108821,Low Risk/Safe
July 2024 Baseline,Water point,714108890,Unsafe
July 2024 Baseline,Water point,714108890,Unsafe
July 2024 Baseline,Water point,714108962,Unsafe
July 2024 Baseline,Water point,714109066,Unsafe
July 2024 Baseline,Water point,714109114,Unsafe
July 2024 Baseline,Water point,714109114,Unsafe
July 2024 Baseline,Water point,714109248,Unsafe
July 2024 Baseline,Water point,714109248,Unsafe
July 2024 Baseline,Water point,714118251,Low Risk/Safe
July 2024 Baseline,Water point,714118251,Unsafe
July 2024 Baseline,Water point,714118402,Unsafe
July 2024 Baseline,Water point,714118402,Unsafe
July 2024 Baseline,Water point,714118471,Unsafe
July 2024 Baseline,Water point,714118543,Intermediate Risk/Probably Safe
July 2024 Baseline,Water point,714118543,Intermediate Risk/Possibly Safe
July 2024 Baseline,Water point,714118622,Unsafe
July 2024 Baseline,Water point,714120171,High Risk/Probably Unsafe
July 2024 Baseline,Water point,714120171,High Risk/Probably Unsafe
July 2024 Baseline,Water point,714120250,Unsafe
July 2024 Baseline,Water point,714124584,Unsafe
September 2024 Monitoring,Filter,714124584,Intermediate Risk/Probably Safe
September 2024 Monitoring,Filter,714124584,Low Risk/Safe
September 2024 Monitoring,Filter,714124584,Low Risk/Safe
September 2024 Monitoring,Filter,714124584,Low Risk/Safe
September 2024 Monitoring,Filter,714124584,Low Risk/Safe
September 2024 Monitoring,Filter,714124584,Low Risk/Safe
September 2024 Monitoring,Filter,714124584,Low Risk/Safe
July 2024 Baseline,Water point,714131911,Low Risk/Safe
July 2024 Baseline,Water point,714131911,Unsafe
September 2024 Monitoring,Filter,714131911,Low Risk/Safe
September 2024 Monitoring,Filter,714131911,Low Risk/Safe
September 2024 Monitoring,Filter,714131911,Low Risk/Safe
September 2024 Monitoring,Filter,714131911,Unsafe
September 2024 Monitoring,Filter,714131911,Low Risk/Safe
July 2024 Baseline,Water point,714134361,High Risk/Possibly Unsafe
July 2024 Baseline,Water point,714134361,Intermediate Risk/Probably Safe
July 2024 Baseline,Water point,714134464,Low Risk/Safe
July 2024 Baseline,Water point,714134512,Intermediate Risk/Probably Safe
July 2024 Baseline,Water point,714134512,High Risk/Possibly Unsafe
July 2024 Baseline,Water point,714134567,Low Risk/Safe
July 2024 Baseline,Water point,714134567,Intermediate Risk/Probably Safe
July 2024 Baseline,Water point,714134622,Unsafe
July 2024 Baseline,Water point,714134622,Unsafe
July 2024 Baseline,Water point,714134718,Unsafe
July 2024 Baseline,Water point,714134718,Intermediate Risk/Possibly Safe
July 2024 Baseline,Water point,714134794,Unsafe
July 2024 Baseline,Water point,714134794,High Risk/Possibly Unsafe
September 2024 Monitoring,Filter,714134794,Low Risk/Safe
September 2024 Monitoring,Filter,714134794,Unsafe
September 2024 Monitoring,Filter,714134794,Intermediate Risk/Probably Safe
September 2024 Monitoring,Filter,714134794,Intermediate Risk/Possibly Safe
September 2024 Monitoring,Filter,714134794,Low Risk/Safe
September 2024 Monitoring,Filter,714134794,Low Risk/Safe
September 2024 Monitoring,Filter,714134794,Low Risk/Safe
July 2024 Baseline,Water point,714137890,High Risk/Possibly Unsafe
July 2024 Baseline,Water point,714138279,Unsafe
July 2024 Baseline,Water point,714138334,Unsafe
July 2024 Baseline,Water point,714138406,Intermediate Risk/Possibly Safe
July 2024 Baseline,Water point,714138406,Unsafe
July 2024 Baseline,Water point,714139012,High Risk/Probably Unsafe
July 2024 Baseline,Water point,714139067,Unsafe
July 2024 Baseline,Water point,714139108,Intermediate Risk/Possibly Safe
July 2024 Baseline,Water point,714139108,Intermediate Risk/Probably Safe
July 2024 Baseline,Water point,714139201,Unsafe
July 2024 Baseline,Water point,714139201,Unsafe
July 2024 Baseline,Water point,714139256,Intermediate Risk/Possibly Safe
July 2024 Baseline,Water point,714139311,Unsafe
July 2024 Baseline,Water point,714139311,Unsafe
July 2024 Baseline,Water point,714139421,Intermediate Risk/Probably Safe
July 2024 Baseline,Water point,714140034,Unsafe
July 2024 Baseline,Water point,714140089,Intermediate Risk/Probably Safe
July 2024 Baseline,Water point,714140089,Low Risk/Safe
July 2024 Baseline,Water point,714140137,Low Risk/Safe
July 2024 Baseline,Water point,714140216,Low Risk/Safe
July 2024 Baseline,Water point,714140216,Low Risk/Safe
July 2024 Baseline,Water point,714140285,High Risk/Possibly Unsafe
July 2024 Baseline,Water point,714144746,Unsafe
July 2024 Baseline,Water point,714144818,Low Risk/Safe
July 2024 Baseline,Water point,714144904,High Risk/Possibly Unsafe
July 2024 Baseline,Water point,714144942,Unsafe
July 2024 Baseline,Water point,714145008,Intermediate Risk/Probably Safe
July 2024 Baseline,Water point,714145077,High Risk/Probably Unsafe
July 2024 Baseline,Water point,714145077,Intermediate Risk/Probably Safe
July 2024 Baseline,Water point,714145565,Low Risk/Safe
July 2024 Baseline,Water point,714145747,Low Risk/Safe
July 2024 Baseline,Water point,714145802,High Risk/Probably Unsafe
January 2025 Baseline,Water point,714146016,Low Risk/Safe
January 2025 Baseline,Water point,714148719,Unsafe
January 2025 Baseline,Water point,714148915,Low Risk/Safe
January 2025 Baseline,Water point,714148939,Unsafe
January 2025 Baseline,Water point,714148953,Low Risk/Safe
January 2025 Baseline,Water point,714148991,High Risk/Probably Unsafe
January 2025 Baseline,Water point,714149019,Unsafe
January 2025 Baseline,Water point,714149033,Unsafe
January 2025 Baseline,Water point,714149064,Unsafe
January 2025 Baseline,Water point,714149088,Low Risk/Safe
January 2025 Baseline,Water point,714149112,Low Risk/Safe
January 2025 Baseline,Water point,714149167,High Risk/Possibly Unsafe
January 2025 Baseline,Water point,714149181,Low Risk/Safe
January 2025 Baseline,Water point,714150244,Intermediate Risk/Probably Safe
January 2025 Baseline,Water point,714150275,Low Risk/Safe
January 2025 Baseline,Water point,714150309,Low Risk/Safe
July 2024 Baseline,Water point,714151953,Unsafe
July 2024 Baseline,Water point,714152040,Unsafe
July 2024 Baseline,Water point,714152040,Unsafe
July 2024 Baseline,Water point,714152222,Low Risk/Safe
July 2024 Baseline,Water point,714153388,High Risk/Possibly Unsafe
July 2024 Baseline,Water point,714153412,Unsafe
July 2024 Baseline,Water point,714153539,Low Risk/Safe
July 2024 Baseline,Water point,714153625,Unsafe
September 2024 Monitoring,Filter,714153625,Low Risk/Safe
September 2024 Monitoring,Filter,714153625,Low Risk/Safe
September 2024 Monitoring,Filter,714153625,Low Risk/Safe
September 2024 Monitoring,Filter,714153625,Low Risk/Safe
July 2024 Baseline,Water point,714153687,Unsafe
July 2024 Baseline,Water point,714154310,Unsafe
July 2024 Baseline,Water point,714154523,Unsafe
September 2024 Monitoring,Filter,714154523,Intermediate Risk/Probably Safe
September 2024 Monitoring,Filter,714154523,Intermediate Risk/Probably Safe
September 2024 Monitoring,Filter,714154523,Low Risk/Safe
September 2024 Monitoring,Filter,714154523,Low Risk/Safe
September 2024 Monitoring,Filter,714154523,Low Risk/Safe
September 2024 Monitoring,Filter,714154523,Low Risk/Safe
September 2024 Monitoring,Filter,714154523,Low Risk/Safe
July 2024 Baseline,Water point,714154602,Intermediate Risk/Probably Safe
July 2024 Baseline,Water point,714154602,Intermediate Risk/Probably Safe
July 2024 Baseline,Water point,714154808,Intermediate Risk/Probably Safe
July 2024 Baseline,Water point,714154808,Intermediate Risk/Probably Safe
September 2024 Monitoring,Filter,714154808,Low Risk/Safe
September 2024 Monitoring,Filter,714154808,Low Risk/Safe
September 2024 Monitoring,Filter,714154808,Low Risk/Safe
September 2024 Monitoring,Filter,714154808,Low Risk/Safe
September 2024 Monitoring,Filter,714154808,Low Risk/Safe
September 2024 Monitoring,Filter,714154808,Low Risk/Safe
July 2024 Baseline,Water point,714156666,Unsafe
July 2024 Baseline,Water point,714156721,Unsafe
July 2024 Baseline,Water point,714156817,Intermediate Risk/Possibly Safe
July 2024 Baseline,Water point,714159274,Intermediate Risk/Probably Safe
July 2024 Baseline,Water point,714159401,Low Risk/Safe
July 2024 Baseline,Water point,714159425,Unsafe
July 2024 Baseline,Water point,714160069,Unsafe
July 2024 Baseline,Water point,714160100,Intermediate Risk/Possibly Safe
July 2024 Baseline,Water point,714161101,Low Risk/Safe
July 2024 Baseline,Water point,714161228,Unsafe
July 2024 Baseline,Water point,714161280,Unsafe
September 2024 Monitoring,Filter,714161280,Low Risk/Safe
September 2024 Monitoring,Filter,714161280,Low Risk/Safe
September 2024 Monitoring,Filter,714161280,Low Risk/Safe
September 2024 Monitoring,Filter,714161280,Low Risk/Safe
July 2024 Baseline,Water point,714161352,High Risk/Possibly Unsafe
July 2024 Baseline,Water point,714161857,Intermediate Risk/Possibly Safe
July 2024 Baseline,Water point,714161936,Intermediate Risk/Possibly Safe
July 2024 Baseline,Water point,714162047,Low Risk/Safe
July 2024 Baseline,Water point,714163158,Low Risk/Safe
July 2024 Baseline,Water point,714163323,Unsafe
July 2024 Baseline,Water point,714163402,High Risk/Probably Unsafe
July 2024 Baseline,Water point,714163402,High Risk/Probably Unsafe
July 2024 Baseline,Water point,714163464,Low Risk/Safe
July 2024 Baseline,Water point,714163529,High Risk/Probably Unsafe
July 2024 Baseline,Water point,714163529,Unsafe
July 2024 Baseline,Water point,714163608,High Risk/Possibly Unsafe
July 2024 Baseline,Water point,714163691,Unsafe
July 2024 Baseline,Water point,714163732,Unsafe
July 2024 Baseline,Water point,714163787,Intermediate Risk/Probably Safe
July 2024 Baseline,Water point,714163787,High Risk/Possibly Unsafe
July 2024 Baseline,Water point,714163835,Unsafe
July 2024 Baseline,Water point,714163835,Low Risk/Safe
July 2024 Baseline,Water point,714163914,Intermediate Risk/Possibly Safe
July 2024 Baseline,Water point,714163914,Intermediate Risk/Possibly Safe
July 2024 Baseline,Water point,714167884,Unsafe
July 2024 Baseline,Water point,714167994,Low Risk/Safe
July 2024 Baseline,Water point,714168067,High Risk/Probably Unsafe
July 2024 Baseline,Water point,714168067,Low Risk/Safe
July 2024 Baseline,Water point,714168287,High Risk/Probably Unsafe
July 2024 Baseline,Water point,714168287,Unsafe
July 2024 Baseline,Water point,714168380,Low Risk/Safe
July 2024 Baseline,Water point,714168380,Unsafe
July 2024 Baseline,Water point,714184782,Intermediate Risk/Possibly Safe
July 2024 Baseline,Water point,714184854,Low Risk/Safe
July 2024 Baseline,Water point,714184926,Unsafe
July 2024 Baseline,Water point,714184957,Unsafe
July 2024 Baseline,Water point,714185013,Unsafe
July 2024 Baseline,Water point,714185013,Unsafe
January 2025 Baseline,Water point,714185886,Intermediate Risk/Possibly Safe
January 2025 Baseline,Water point,714185903,Low Risk/Safe
January 2025 Baseline,Water point,714185927,Low Risk/Safe
January 2025 Baseline,Water point,714186124,Low Risk/Safe
January 2025 Baseline,Water point,714186148,Intermediate Risk/Possibly Safe
July 2024 Baseline,Water point,714186227,Unsafe
July 2024 Baseline,Water point,714186227,High Risk/Probably Unsafe
July 2024 Baseline,Water point,714186519,Unsafe
July 2024 Baseline,Water point,714186519,Unsafe
July 2024 Baseline,Water point,714186605,High Risk/Probably Unsafe
July 2024 Baseline,Water point,714186605,Unsafe
July 2024 Baseline,Water point,714186708,Unsafe
July 2024 Baseline,Water point,714186784,Low Risk/Safe
July 2024 Baseline,Water point,714186784,High Risk/Possibly Unsafe
July 2024 Baseline,Water point,714186935,Intermediate Risk/Probably Safe
July 2024 Baseline,Water point,714186935,High Risk/Probably Unsafe
July 2024 Baseline,Water point,714187015,Unsafe
July 2024 Baseline,Water point,714187015,Intermediate Risk/Probably Safe
July 2024 Baseline,Water point,714187077,Unsafe
July 2024 Baseline,Water point,714187077,Unsafe
July 2024 Baseline,Water point,714187170,Low Risk/Safe
July 2024 Baseline,Water point,714187242,Low Risk/Safe
July 2024 Baseline,Water point,714187280,High Risk/Probably Unsafe
July 2024 Baseline,Water point,714187280,Unsafe
September 2024 Monitoring,Filter,714187280,Low Risk/Safe
September 2024 Monitoring,Filter,714187280,Low Risk/Safe
September 2024 Monitoring,Filter,714187280,Low Risk/Safe
September 2024 Monitoring,Water point,714187280,High Risk/Possibly Unsafe
September 2024 Monitoring,Water point,714187280,High Risk/Probably Unsafe
January 2025 Baseline,Water point,714187376,Unsafe
January 2025 Baseline,Water point,714187390,Unsafe
January 2025 Baseline,Water point,714187390,Unsafe
January 2025 Baseline,Water point,714187417,Unsafe
January 2025 Baseline,Water point,714187431,Unsafe
January 2025 Baseline,Water point,714187455,Unsafe
January 2025 Baseline,Water point,714187493,Unsafe
January 2025 Baseline,Water point,714187541,Unsafe
January 2025 Baseline,Water point,714187589,Unsafe
January 2025 Baseline,Water point,714187589,Unsafe
January 2025 Baseline,Water point,714187637,High Risk/Probably Unsafe
January 2025 Baseline,Water point,714187637,Unsafe
January 2025 Baseline,Water point,714187651,Low Risk/Safe
July 2024 Baseline,Water point,714188384,Low Risk/Safe
July 2024 Baseline,Water point,714188456,Low Risk/Safe
July 2024 Baseline,Water point,714188456,Unsafe
July 2024 Baseline,Water point,714189419,Low Risk/Safe
July 2024 Baseline,Water point,714189488,Low Risk/Safe
July 2024 Baseline,Water point,714189488,Unsafe
July 2024 Baseline,Water point,714189660,Low Risk/Safe
July 2024 Baseline,Water point,714189859,Low Risk/Safe
July 2024 Baseline,Water point,714190204,High Risk/Probably Unsafe
July 2024 Baseline,Water point,714190204,Unsafe
July 2024 Baseline,Water point,714190390,Unsafe
July 2024 Baseline,Water point,714190390,Unsafe
July 2024 Baseline,Water point,714190596,Low Risk/Safe
July 2024 Baseline,Water point,714190716,Unsafe
July 2024 Baseline,Water point,714190778,Intermediate Risk/Probably Safe
July 2024 Baseline,Water point,714198123,Low Risk/Safe
July 2024 Baseline,Water point,714198484,Low Risk/Safe
July 2024 Baseline,Water point,714198549,Unsafe
July 2024 Baseline,Water point,714198611,Low Risk/Safe
July 2024 Baseline,Water point,714198714,Intermediate Risk/Probably Safe
July 2024 Baseline,Water point,714198714,High Risk/Possibly Unsafe
July 2024 Baseline,Water point,714198831,Low Risk/Safe
July 2024 Baseline,Water point,714198831,Low Risk/Safe
July 2024 Baseline,Water point,714198910,Intermediate Risk/Probably Safe
September 2024 Monitoring,Filter,714198910,Low Risk/Safe
September 2024 Monitoring,Filter,714198910,Low Risk/Safe
July 2024 Baseline,Water point,714198972,Intermediate Risk/Probably Safe
July 2024 Baseline,Water point,714199076,Unsafe
July 2024 Baseline,Water point,714199076,Intermediate Risk/Probably Safe
July 2024 Baseline,Water point,714199076,Intermediate Risk/Possibly Safe
July 2024 Baseline,Water point,714199162,Unsafe
July 2024 Baseline,Water point,714199162,Intermediate Risk/Possibly Safe
July 2024 Baseline,Water point,714199234,Unsafe
July 2024 Baseline,Water point,714199313,Unsafe
July 2024 Baseline,Water point,714199375,Unsafe
July 2024 Baseline,Water point,714199540,Low Risk/Safe
July 2024 Baseline,Water point,714268077,Unsafe
July 2024 Baseline,Water point,714268156,Low Risk/Safe
July 2024 Baseline,Water point,714268156,Low Risk/Safe
July 2024 Baseline,Water point,714268259,Low Risk/Safe
July 2024 Baseline,Water point,714268259,Unsafe
September 2024 Monitoring,Filter,714268259,Low Risk/Safe
September 2024 Monitoring,Filter,714268259,Intermediate Risk/Probably Safe
September 2024 Monitoring,Filter,714268259,Intermediate Risk/Probably Safe
September 2024 Monitoring,Filter,714268259,Low Risk/Safe
September 2024 Monitoring,Filter,714268259,Low Risk/Safe
July 2024 Baseline,Water point,714268321,High Risk/Possibly Unsafe
July 2024 Baseline,Water point,714268321,High Risk/Possibly Unsafe
September 2024 Monitoring,Filter,714268321,Low Risk/Safe
September 2024 Monitoring,Filter,714268321,High Risk/Possibly Unsafe
September 2024 Monitoring,Filter,714268321,Low Risk/Safe
July 2024 Baseline,Water point,714268400,High Risk/Possibly Unsafe
July 2024 Baseline,Water point,714268400,Intermediate Risk/Probably Safe
July 2024 Baseline,Water point,714268503,Unsafe
July 2024 Baseline,Water point,714268503,High Risk/Probably Unsafe
July 2024 Baseline,Water point,714268565,Unsafe
July 2024 Baseline,Water point,714268637,High Risk/Possibly Unsafe
July 2024 Baseline,Water point,714297390,Intermediate Risk/Probably Safe
July 2024 Baseline,Water point,714297431,Intermediate Risk/Probably Safe
July 2024 Baseline,Water point,714297527,Unsafe
July 2024 Baseline,Water point,714297637,High Risk/Probably Unsafe
July 2024 Baseline,Water point,714297675,High Risk/Possibly Unsafe
July 2024 Baseline,Water point,714297819,High Risk/Probably Unsafe
September 2024 Monitoring,Filter,714297819,Intermediate Risk/Probably Safe
September 2024 Monitoring,Filter,714297819,Intermediate Risk/Possibly Safe
September 2024 Monitoring,Filter,714297819,Intermediate Risk/Possibly Safe
September 2024 Monitoring,Filter,714297819,Intermediate Risk/Possibly Safe
September 2024 Monitoring,Filter,714297819,Low Risk/Safe
September 2024 Monitoring,Filter,714297819,Low Risk/Safe
September 2024 Monitoring,Filter,714297819,Low Risk/Safe
September 2024 Monitoring,Filter,714297819,Low Risk/Safe
July 2024 Baseline,Water point,714297912,Unsafe
July 2024 Baseline,Water point,714299794,Low Risk/Safe
July 2024 Baseline,Water point,714299794,Intermediate Risk/Probably Safe
July 2024 Baseline,Water point,714299866,Low Risk/Safe
July 2024 Baseline,Water point,714299866,Low Risk/Safe
July 2024 Baseline,Water point,714299945,High Risk/Probably Unsafe
July 2024 Baseline,Water point,714300032,Intermediate Risk/Possibly Safe
July 2024 Baseline,Water point,714300032,Low Risk/Safe
July 2024 Baseline,Water point,714300111,High Risk/Probably Unsafe
July 2024 Baseline,Water point,714300111,Unsafe
July 2024 Baseline,Water point,714300317,Intermediate Risk/Probably Safe
July 2024 Baseline,Water point,714300410,Low Risk/Safe
July 2024 Baseline,Water point,714300410,Low Risk/Safe
July 2024 Baseline,Water point,714300616,Unsafe
July 2024 Baseline,Water point,714300678,High Risk/Probably Unsafe
July 2024 Baseline,Water point,714318879,Unsafe
July 2024 Baseline,Water point,714318996,Unsafe
July 2024 Baseline,Water point,714321680,Intermediate Risk/Possibly Safe
July 2024 Baseline,Water point,714321752,Unsafe
July 2024 Baseline,Water point,714321824,Unsafe
July 2024 Baseline,Water point,714321824,Intermediate Risk/Probably Safe
July 2024 Baseline,Water point,714321927,Intermediate Risk/Possibly Safe
July 2024 Baseline,Water point,714322045,Intermediate Risk/Probably Safe
July 2024 Baseline,Water point,714322148,High Risk/Probably Unsafe
July 2024 Baseline,Water point,714324322,High Risk/Probably Unsafe
September 2024 Monitoring,Filter,714324322,Low Risk/Safe
September 2024 Monitoring,Filter,714324322,Low Risk/Safe
July 2024 Baseline,Water point,714324377,Unsafe
July 2024 Baseline,Water point,714324432,High Risk/Possibly Unsafe
July 2024 Baseline,Water point,714324528,High Risk/Possibly Unsafe
July 2024 Baseline,Water point,714324528,High Risk/Possibly Unsafe
July 2024 Baseline,Water point,714334886,High Risk/Probably Unsafe
July 2024 Baseline,Water point,714334958,Unsafe
September 2024 Monitoring,Filter,714334958,Low Risk/Safe
September 2024 Monitoring,Filter,714334958,Intermediate Risk/Possibly Safe
September 2024 Monitoring,Filter,714334958,Low Risk/Safe
July 2024 Baseline,Water point,714335148,Unsafe
July 2024 Baseline,Water point,714335234,Unsafe
July 2024 Baseline,Water point,714335258,Unsafe
July 2024 Baseline,Water point,714335258,Intermediate Risk/Possibly Safe
July 2024 Baseline,Water point,714335289,Intermediate Risk/Probably Safe
July 2024 Baseline,Water point,714396282,Unsafe
July 2024 Baseline,Water point,714396282,Unsafe
July 2024 Baseline,Water point,714397654,Intermediate Risk/Possibly Safe
July 2024 Baseline,Water point,714397654,Unsafe
July 2024 Baseline,Water point,714397733,Intermediate Risk/Possibly Safe
July 2024 Baseline,Water point,714397788,Unsafe
July 2024 Baseline,Water point,714397836,High Risk/Possibly Unsafe
July 2024 Baseline,Water point,714397874,High Risk/Possibly Unsafe
July 2024 Baseline,Water point,714397953,Intermediate Risk/Probably Safe
July 2024 Baseline,Water point,714397953,Unsafe
July 2024 Baseline,Water point,714398538,Intermediate Risk/Possibly Safe
July 2024 Baseline,Water point,714398538,High Risk/Possibly Unsafe
January 2025 Baseline,Water point,714413671,Low Risk/Safe
January 2025 Baseline,Water point,714413712,Low Risk/Safe
January 2025 Baseline,Water point,714413712,Low Risk/Safe
January 2025 Baseline,Water point,714413781,Unsafe
January 2025 Baseline,Water point,714413853,High Risk/Probably Unsafe
July 2024 Baseline,Water point,714460082,Unsafe
July 2024 Baseline,Water point,714460178,Intermediate Risk/Possibly Safe
July 2024 Baseline,Water point,714460800,Intermediate Risk/Probably Safe
September 2024 Monitoring,Filter,714460800,Low Risk/Safe
September 2024 Monitoring,Filter,714460800,Low Risk/Safe
September 2024 Monitoring,Filter,714460800,Low Risk/Safe
September 2024 Monitoring,Filter,714460800,Low Risk/Safe
September 2024 Monitoring,Filter,714460800,Low Risk/Safe
July 2024 Baseline,Water point,714460879,Low Risk/Safe
July 2024 Baseline,Water point,714900669,Intermediate Risk/Possibly Safe
July 2024 Baseline,Water point,714900669,Low Risk/Safe
July 2024 Baseline,Water point,714900731,Unsafe
July 2024 Baseline,Water point,714900827,Low Risk/Safe
July 2024 Baseline,Water point,714900827,High Risk/Possibly Unsafe
July 2024 Baseline,Water point,714903631,Low Risk/Safe
July 2024 Baseline,Water point,714903631,Low Risk/Safe
July 2024 Baseline,Water point,714903727,High Risk/Possibly Unsafe
July 2024 Baseline,Water point,714903727,Low Risk/Safe
July 2024 Baseline,Water point,714903796,Low Risk/Safe
July 2024 Baseline,Water point,714903796,High Risk/Probably Unsafe
July 2024 Baseline,Water point,714903882,High Risk/Possibly Unsafe
July 2024 Baseline,Water point,714904261,Unsafe
July 2024 Baseline,Water point,714904261,High Risk/Possibly Unsafe
July 2024 Baseline,Water point,714904326,Unsafe
July 2024 Baseline,Water point,714904326,Unsafe
July 2024 Baseline,Water point,715260489,Intermediate Risk/Possibly Safe
July 2024 Baseline,Water point,715260489,Unsafe
July 2024 Baseline,Water point,715260575,Low Risk/Safe
July 2024 Baseline,Water point,715260647,Unsafe
July 2024 Baseline,Water point,715260788,Intermediate Risk/Possibly Safe
July 2024 Baseline,Water point,715260788,High Risk/Probably Unsafe
July 2024 Baseline,Water point,715260867,Low Risk/Safe
July 2024 Baseline,Water point,715260867,Intermediate Risk/Probably Safe
July 2024 Baseline,Water point,715260946,Intermediate Risk/Probably Safe
July 2024 Baseline,Water point,715260991,Unsafe
July 2024 Baseline,Water point,715261129,Unsafe
July 2024 Baseline,Water point,715261198,High Risk/Possibly Unsafe
July 2024 Baseline,Water point,715261198,Intermediate Risk/Possibly Safe
July 2024 Baseline,Water point,715261284,Unsafe
July 2024 Baseline,Water point,715261284,Intermediate Risk/Probably Safe
July 2024 Baseline,Water point,715261363,Intermediate Risk/Probably Safe
July 2024 Baseline,Water point,715261363,Low Risk/Safe
January 2025 Baseline,Water point,715261473,Low Risk/Safe
January 2025 Baseline,Water point,715261552,Intermediate Risk/Probably Safe
January 2025 Baseline,Water point,715261576,Low Risk/Safe
January 2025 Baseline,Water point,715261631,Intermediate Risk/Possibly Safe
January 2025 Baseline,Water point,715261655,Unsafe
January 2025 Baseline,Water point,715261686,High Risk/Probably Unsafe
January 2025 Baseline,Water point,715261741,Unsafe
January 2025 Baseline,Water point,715261789,Unsafe
January 2025 Baseline,Water point,715261820,Low Risk/Safe
January 2025 Baseline,Water point,715261978,Unsafe
January 2025 Baseline,Water point,715262003,Low Risk/Safe
January 2025 Baseline,Water point,715262041,Unsafe
January 2025 Baseline,Water point,715262072,Low Risk/Safe
January 2025 Baseline,Water point,715262096,Low Risk/Safe
January 2025 Baseline,Water point,715262113,Intermediate Risk/Probably Safe
January 2025 Baseline,Water point,715262137,Low Risk/Safe
July 2024 Baseline,Water point,715817142,Low Risk/Safe
July 2024 Baseline,Water point,715817283,Unsafe
July 2024 Baseline,Water point,715817348,Unsafe
July 2024 Baseline,Water point,715817922,Unsafe
July 2024 Baseline,Water point,715818363,High Risk/Probably Unsafe
July 2024 Baseline,Water point,715821569,High Risk/Probably Unsafe
July 2024 Baseline,Water point,715821662,Unsafe
July 2024 Baseline,Water point,715821789,Low Risk/Safe
July 2024 Baseline,Water point,715821916,Unsafe
July 2024 Baseline,Water point,716164797,Unsafe
July 2024 Baseline,Water point,716164876,Unsafe
July 2024 Baseline,Water point,716164955,Unsafe
July 2024 Baseline,Water point,716165066,Intermediate Risk/Probably Safe
July 2024 Baseline,Water point,716165152,Unsafe
July 2024 Baseline,Water point,716165217,High Risk/Possibly Unsafe
July 2024 Baseline,Water point,716165358,Low Risk/Safe
July 2024 Baseline,Water point,716165444,Intermediate Risk/Possibly Safe
July 2024 Baseline,Water point,716165578,Unsafe
July 2024 Baseline,Water point,716165633,Intermediate Risk/Probably Safe
July 2024 Baseline,Water point,716165657,High Risk/Probably Unsafe
July 2024 Baseline,Water point,716165657,High Risk/Probably Unsafe
July 2024 Baseline,Water point,716165815,High Risk/Probably Unsafe
July 2024 Baseline,Water point,716165891,High Risk/Probably Unsafe
July 2024 Baseline,Water point,716165891,Intermediate Risk/Probably Safe
July 2024 Baseline,Water point,716166043,High Risk/Probably Unsafe
July 2024 Baseline,Water point,716166139,Low Risk/Safe
July 2024 Baseline,Water point,716166191,Unsafe
July 2024 Baseline,Water point,716166191,High Risk/Possibly Unsafe
July 2024 Baseline,Water point,716166256,Low Risk/Safe
July 2024 Baseline,Water point,716166397,Intermediate Risk/Probably Safe
July 2024 Baseline,Water point,716382001,Low Risk/Safe
July 2024 Baseline,Water point,716382018,Low Risk/Safe
July 2024 Baseline,Water point,716382018,Low Risk/Safe
January 2025 Baseline,Water point,716712743,Unsafe
January 2025 Baseline,Water point,716714154,Unsafe
July 2024 Baseline,Water point,716728038,Unsafe
July 2024 Baseline,Water point,716728038,Unsafe
Migori Baseline Surveys July 2025,Water point,716731210,Unsafe
January 2025 Baseline,Water point,716789385,High Risk/Probably Unsafe
January 2025 Baseline,Water point,716789385,Low Risk/Safe
July 2024 Baseline,Water point,717285576,Unsafe
July 2024 Baseline,Water point,717285576,High Risk/Possibly Unsafe
July 2024 Baseline,Water point,717355080,Low Risk/Safe
July 2024 Baseline,Water point,717355080,Low Risk/Safe
July 2024 Baseline,Water point,717355255,High Risk/Probably Unsafe
July 2024 Baseline,Water point,717355255,Low Risk/Safe
July 2024 Baseline,Water point,717358502,Unsafe
July 2024 Baseline,Water point,717358502,Unsafe
July 2024 Baseline,Water point,717358571,Unsafe
July 2024 Baseline,Water point,717358667,Low Risk/Safe
July 2024 Baseline,Water point,717358777,Unsafe
July 2024 Baseline,Water point,717358911,Unsafe
July 2024 Baseline,Water point,717358911,Unsafe
July 2024 Baseline,Water point,717362503,Unsafe
July 2024 Baseline,Water point,717362503,High Risk/Probably Unsafe
July 2024 Baseline,Water point,717426533,Low Risk/Safe
July 2024 Baseline,Water point,717426588,Low Risk/Safe
July 2024 Baseline,Water point,717426636,Intermediate Risk/Probably Safe
July 2024 Baseline,Water point,717426777,Unsafe
July 2024 Baseline,Water point,717426863,Unsafe
July 2024 Baseline,Water point,717427101,Low Risk/Safe
July 2024 Baseline,Water point,717427235,Unsafe
July 2024 Baseline,Water point,717427307,Intermediate Risk/Probably Safe
January 2025 Baseline,Water point,717499920,Intermediate Risk/Possibly Safe
January 2025 Baseline,Water point,717505926,High Risk/Possibly Unsafe
January 2025 Baseline,Water point,717505926,High Risk/Possibly Unsafe
January 2025 Baseline,Water point,717505926,Intermediate Risk/Possibly Safe
July 2024 Baseline,Water point,717538339,Intermediate Risk/Probably Safe
Migori Baseline Surveys July 2025,Water point,717641521,High Risk/Probably Unsafe
January 2025 Baseline,Water point,717719167,Intermediate Risk/Possibly Safe
January 2025 Baseline,Water point,717719167,Intermediate Risk/Possibly Safe
January 2025 Baseline,Water point,717729511,High Risk/Possibly Unsafe
January 2025 Baseline,Water point,717729511,Low Risk/Safe
January 2025 Baseline,Water point,717729511,High Risk/Possibly Unsafe
January 2025 Baseline,Water point,717729528,High Risk/Possibly Unsafe
Migori Baseline Surveys July 2025,Water point,717833498,Unsafe
January 2025 Baseline,Water point,717907054,Low Risk/Safe
January 2025 Baseline,Water point,717918870,Unsafe
Migori Baseline Surveys July 2025,Water point,717935723,Intermediate Risk/Possibly Safe
January 2025 Baseline,Water point,717979031,Unsafe
January 2025 Baseline,Water point,717996142,Unsafe
January 2025 Baseline,Water point,718000336,High Risk/Probably Unsafe
January 2025 Baseline,Water point,718003205,High Risk/Possibly Unsafe
January 2025 Baseline,Water point,718006387,Low Risk/Safe
Migori Baseline Surveys July 2025,Water point,718008097,Unsafe
January 2025 Baseline,Water point,718013563,Low Risk/Safe
Migori Baseline Surveys July 2025,Water point,718014722,Unsafe
July 2024 Baseline,Water point,718134420,Low Risk/Safe
July 2024 Baseline,Water point,718134420,Intermediate Risk/Possibly Safe
July 2024 Baseline,Water point,718134561,Intermediate Risk/Probably Safe
July 2024 Baseline,Filter,718134561,Unsafe
July 2024 Baseline,Water point,718134664,High Risk/Probably Unsafe
July 2024 Baseline,Water point,718134664,Intermediate Risk/Possibly Safe
July 2024 Baseline,Water point,718134846,High Risk/Probably Unsafe
July 2024 Baseline,Water point,718134846,Unsafe
July 2024 Baseline,Water point,718135036,Intermediate Risk/Possibly Safe
July 2024 Baseline,Water point,718135036,Unsafe
January 2025 Baseline,Water point,718217130,Low Risk/Safe
January 2025 Baseline,Water point,718228248,Intermediate Risk/Probably Safe
January 2025 Baseline,Water point,718228248,High Risk/Possibly Unsafe
Migori Baseline Surveys July 2025,Water point,718285508,Unsafe
January 2025 Baseline,Water point,718302849,High Risk/Probably Unsafe
January 2025 Baseline,Water point,718325138,Intermediate Risk/Possibly Safe
Migori Baseline Surveys July 2025,Water point,718345527,Low Risk/Safe
Migori Baseline Surveys July 2025,Water point,718345527,Low Risk/Safe
January 2025 Baseline,Water point,718382261,Low Risk/Safe
January 2025 Baseline,Water point,718382285,Intermediate Risk/Probably Safe
Migori Baseline Surveys July 2025,Water point,718388085,Unsafe
Migori Baseline Surveys July 2025,Water point,718391731,Unsafe
Migori Baseline Surveys July 2025,Water point,718396884,Low Risk/Safe
Migori Baseline Surveys July 2025,Water point,718396884,Low Risk/Safe
January 2025 Baseline,Water point,718419729,High Risk/Possibly Unsafe
January 2025 Baseline,Water point,718419729,Unsafe
January 2025 Baseline,Water point,718419729,Unsafe
January 2025 Baseline,Water point,718435633,High Risk/Probably Unsafe
January 2025 Baseline,Water point,718435633,High Risk/Possibly Unsafe
January 2025 Baseline,Water point,718452036,Intermediate Risk/Probably Safe
January 2025 Baseline,Water point,718459349,High Risk/Possibly Unsafe
January 2025 Baseline,Water point,718464994,High Risk/Probably Unsafe
January 2025 Baseline,Water point,718465586,Low Risk/Safe
January 2025 Baseline,Water point,718465586,Low Risk/Safe
January 2025 Baseline,Water point,718503798,Intermediate Risk/Probably Safe
January 2025 Baseline,Water point,718516097,Low Risk/Safe
January 2025 Baseline,Water point,718562713,Unsafe
January 2025 Baseline,Water point,718577234,Low Risk/Safe
Migori Baseline Surveys July 2025,Water point,718875839,Low Risk/Safe
Migori Baseline Surveys July 2025,Water point,718886545,Intermediate Risk/Possibly Safe
Migori Baseline Surveys July 2025,Water point,718900412,Unsafe
Migori Baseline Surveys July 2025,Water point,718904526,High Risk/Probably Unsafe
January 2025 Baseline,Water point,718909679,Unsafe
January 2025 Baseline,Water point,718914561,Intermediate Risk/Possibly Safe
January 2025 Baseline,Water point,718915153,High Risk/Possibly Unsafe
January 2025 Baseline,Water point,718915153,Unsafe
January 2025 Baseline,Water point,718915153,Unsafe
January 2025 Baseline,Water point,718915184,High Risk/Possibly Unsafe
January 2025 Baseline,Water point,718915201,High Risk/Probably Unsafe
January 2025 Baseline,Water point,718915249,Unsafe
January 2025 Baseline,Water point,718915249,Unsafe
January 2025 Baseline,Water point,718923055,Unsafe
January 2025 Baseline,Water point,718928380,Unsafe
January 2025 Baseline,Water point,718928407,Intermediate Risk/Probably Safe
January 2025 Baseline,Water point,718928713,Unsafe
January 2025 Baseline,Water point,718928823,Low Risk/Safe
January 2025 Baseline,Water point,718928854,Low Risk/Safe
January 2025 Baseline,Water point,718928885,Unsafe
January 2025 Baseline,Water point,718928919,Low Risk/Safe
January 2025 Baseline,Water point,718928940,High Risk/Possibly Unsafe
January 2025 Baseline,Water point,718928988,Low Risk/Safe
January 2025 Baseline,Water point,718929037,Low Risk/Safe
January 2025 Baseline,Water point,718933306,Unsafe
January 2025 Baseline,Water point,718946052,Unsafe
Migori Baseline Surveys July 2025,Water point,718947565,High Risk/Probably Unsafe
January 2025 Baseline,Water point,718990233,Unsafe
January 2025 Baseline,Water point,718990257,Unsafe
January 2025 Baseline,Water point,718999335,High Risk/Possibly Unsafe
January 2025 Baseline,Water point,719020276,Unsafe
Migori Baseline Surveys July 2025,Water point,719024720,High Risk/Possibly Unsafe
Migori Baseline Surveys July 2025,Water point,719027417,Unsafe
Migori Baseline Surveys July 2025,Water point,719027417,Intermediate Risk/Probably Safe
January 2025 Baseline,Water point,719035766,High Risk/Possibly Unsafe
January 2025 Baseline,Water point,719035766,High Risk/Possibly Unsafe
January 2025 Baseline,Water point,719047954,High Risk/Probably Unsafe
January 2025 Baseline,Water point,719091489,Low Risk/Safe
Migori Baseline Surveys July 2025,Water point,719786828,Unsafe
January 2025 Baseline,Water point,719804957,Intermediate Risk/Possibly Safe
January 2025 Baseline,Water point,719804957,Intermediate Risk/Probably Safe
Migori Baseline Surveys July 2025,Water point,719816743,High Risk/Probably Unsafe
January 2025 Baseline,Water point,719816815,Unsafe
Migori Baseline Surveys July 2025,Water point,719820476,Unsafe
January 2025 Baseline,Water point,719838347,Unsafe
January 2025 Baseline,Water point,719847893,High Risk/Probably Unsafe
Migori Baseline Surveys July 2025,Water point,719850116,High Risk/Probably Unsafe
January 2025 Baseline,Water point,719859081,Unsafe
Migori Baseline Surveys July 2025,Water point,719872394,Unsafe
January 2025 Baseline,Water point,719875012,High Risk/Possibly Unsafe
January 2025 Baseline,Water point,719895195,Intermediate Risk/Probably Safe
January 2025 Baseline,Water point,719896804,Intermediate Risk/Possibly Safe
January 2025 Baseline,Water point,719896859,Unsafe
January 2025 Baseline,Water point,719897984,Unsafe
January 2025 Baseline,Water point,719898686,Unsafe
Migori Baseline Surveys July 2025,Water point,719899319,Intermediate Risk/Probably Safe
January 2025 Baseline,Water point,719901036,High Risk/Probably Unsafe
January 2025 Baseline,Water point,719902082,Low Risk/Safe
Migori Baseline Surveys July 2025,Water point,719902116,High Risk/Possibly Unsafe
January 2025 Baseline,Water point,719920541,Unsafe
January 2025 Baseline,Water point,719932911,Unsafe
January 2025 Baseline,Water point,719945069,Unsafe
January 2025 Baseline,Water point,719946888,Low Risk/Safe
January 2025 Baseline,Water point,719950683,Unsafe
January 2025 Baseline,Water point,719952269,Low Risk/Safe
January 2025 Baseline,Water point,719952283,Unsafe
January 2025 Baseline,Water point,719952939,Intermediate Risk/Possibly Safe
January 2025 Baseline,Water point,719952960,Unsafe
January 2025 Baseline,Water point,719958409,Low Risk/Safe
January 2025 Baseline,Water point,719958409,Unsafe
January 2025 Baseline,Water point,719958430,Unsafe
January 2025 Baseline,Water point,719958526,High Risk/Probably Unsafe
January 2025 Baseline,Water point,719958526,Low Risk/Safe
January 2025 Baseline,Water point,719958564,Intermediate Risk/Possibly Safe
January 2025 Baseline,Water point,719958588,Intermediate Risk/Probably Safe
January 2025 Baseline,Water point,719958588,High Risk/Possibly Unsafe
January 2025 Baseline,Water point,719958674,Unsafe
January 2025 Baseline,Water point,719958722,High Risk/Possibly Unsafe
January 2025 Baseline,Water point,719972304,Unsafe
January 2025 Baseline,Water point,719985335,Unsafe
January 2025 Baseline,Water point,719998878,Low Risk/Safe
January 2025 Baseline,Water point,719998892,Unsafe
January 2025 Baseline,Water point,719998926,High Risk/Probably Unsafe
January 2025 Baseline,Water point,719998926,Unsafe
January 2025 Baseline,Water point,720001161,Low Risk/Safe
January 2025 Baseline,Water point,720002124,Unsafe
January 2025 Baseline,Water point,720322299,Unsafe
January 2025 Baseline,Water point,720327665,High Risk/Possibly Unsafe
January 2025 Baseline,Water point,720343421,Low Risk/Safe
January 2025 Baseline,Water point,720353545,Low Risk/Safe
January 2025 Baseline,Water point,720354120,High Risk/Possibly Unsafe
January 2025 Baseline,Water point,720394290,Unsafe
January 2025 Baseline,Water point,720436121,Low Risk/Safe
July 2024 Baseline,Water point,720471777,Low Risk/Safe
January 2025 Baseline,Water point,720791976,High Risk/Probably Unsafe
January 2025 Baseline,Water point,720808667,Low Risk/Safe
January 2025 Baseline,Water point,720823192,Low Risk/Safe
January 2025 Baseline,Water point,720824258,Unsafe
January 2025 Baseline,Water point,720826281,Unsafe
January 2025 Baseline,Water point,720918021,Low Risk/Safe
January 2025 Baseline,Water point,720948510,Unsafe
January 2025 Baseline,Water point,721245531,Intermediate Risk/Possibly Safe
January 2025 Baseline,Water point,721293228,Unsafe
January 2025 Baseline,Water point,721751254,Unsafe
January 2025 Baseline,Water point,723556406,Intermediate Risk/Probably Safe
January 2025 Baseline,Water point,723556437,Low Risk/Safe
January 2025 Baseline,Water point,723556437,Unsafe
January 2025 Baseline,Water point,723556499,Intermediate Risk/Possibly Safe
January 2025 Baseline,Water point,723556561,Unsafe
January 2025 Baseline,Water point,723556602,Unsafe
January 2025 Baseline,Water point,723556633,High Risk/Possibly Unsafe
January 2025 Baseline,Water point,723556671,High Risk/Probably Unsafe
January 2025 Baseline,Water point,723556743,Low Risk/Safe
January 2025 Baseline,Water point,723556743,Low Risk/Safe
January 2025 Baseline,Water point,723556798,High Risk/Probably Unsafe
January 2025 Baseline,Water point,723556822,High Risk/Possibly Unsafe
January 2025 Baseline,Water point,723556822,Unsafe
January 2025 Baseline,Water point,723556853,Low Risk/Safe
January 2025 Baseline,Water point,723556901,Intermediate Risk/Probably Safe
January 2025 Baseline,Water point,723556932,Low Risk/Safe
January 2025 Baseline,Water point,723556956,Low Risk/Safe
January 2025 Baseline,Water point,723556970,Unsafe
January 2025 Baseline,Water point,723556970,Intermediate Risk/Possibly Safe
January 2025 Baseline,Water point,723557029,Low Risk/Safe
January 2025 Baseline,Water point,723557074,Unsafe
January 2025 Baseline,Water point,723557115,Unsafe
January 2025 Baseline,Water point,723557139,Low Risk/Safe
January 2025 Baseline,Water point,723557139,Unsafe
January 2025 Baseline,Water point,723557139,Low Risk/Safe
January 2025 Baseline,Water point,723557184,Intermediate Risk/Probably Safe
January 2025 Baseline,Water point,723557184,Unsafe
January 2025 Baseline,Water point,723557225,Unsafe
January 2025 Baseline,Water point,723557249,Intermediate Risk/Probably Safe
January 2025 Baseline,Water point,723557270,Intermediate Risk/Possibly Safe
January 2025 Baseline,Water point,723557311,High Risk/Probably Unsafe
January 2025 Baseline,Water point,723557366,Unsafe
January 2025 Baseline,Water point,723557397,Unsafe
January 2025 Baseline,Water point,723557438,Intermediate Risk/Possibly Safe
January 2025 Baseline,Water point,723557469,High Risk/Probably Unsafe
January 2025 Baseline,Water point,723557490,Unsafe
January 2025 Baseline,Water point,723557531,Unsafe
January 2025 Baseline,Water point,723557555,Unsafe
January 2025 Baseline,Water point,723557579,Unsafe
January 2025 Baseline,Water point,723557610,Unsafe
January 2025 Baseline,Water point,723557665,Unsafe
January 2025 Baseline,Water point,723557713,Unsafe
January 2025 Baseline,Water point,723557751,Unsafe
January 2025 Baseline,Water point,723557775,Low Risk/Safe
January 2025 Baseline,Water point,723557809,Unsafe
January 2025 Baseline,Water point,723557830,Low Risk/Safe
January 2025 Baseline,Water point,723557861,High Risk/Possibly Unsafe
January 2025 Baseline,Water point,723557885,High Risk/Possibly Unsafe
January 2025 Baseline,Water point,723557957,Intermediate Risk/Probably Safe
January 2025 Baseline,Water point,723557971,Unsafe
January 2025 Baseline,Water point,723557995,Unsafe
January 2025 Baseline,Water point,723558013,High Risk/Probably Unsafe
January 2025 Baseline,Water point,723558037,Unsafe
January 2025 Baseline,Water point,723558068,Unsafe
January 2025 Baseline,Water point,723558109,Low Risk/Safe
January 2025 Baseline,Water point,723558147,Intermediate Risk/Possibly Safe
January 2025 Baseline,Water point,723558178,Intermediate Risk/Probably Safe
January 2025 Baseline,Water point,723558202,High Risk/Probably Unsafe
January 2025 Baseline,Water point,723558233,Unsafe
January 2025 Baseline,Water point,723558271,Intermediate Risk/Probably Safe
Migori Baseline Surveys July 2025,Water point,823464944,Intermediate Risk/Possibly Safe
Migori Baseline Surveys July 2025,Water point,823464975,Intermediate Risk/Probably Safe
Migori Baseline Surveys July 2025,Water point,823467569,High Risk/Probably Unsafe
Migori Baseline Surveys July 2025,Water point,823467583,Low Risk/Safe
Migori Baseline Surveys July 2025,Water point,823467617,Low Risk/Safe
Migori Baseline Surveys July 2025,Water point,823467662,Unsafe
Migori Baseline Surveys July 2025,Water point,823467686,Low Risk/Safe
Migori Baseline Surveys July 2025,Water point,823467710,High Risk/Probably Unsafe
Migori Baseline Surveys July 2025,Water point,823467734,Intermediate Risk/Possibly Safe
Migori Baseline Surveys July 2025,Water point,823467758,Intermediate Risk/Probably Safe
Migori Baseline Surveys July 2025,Water point,823467772,Intermediate Risk/Possibly Safe
Migori Baseline Surveys July 2025,Water point,823467813,Unsafe
Migori Baseline Surveys July 2025,Water point,823467837,Low Risk/Safe
Migori Baseline Surveys July 2025,Water point,823467851,Low Risk/Safe
Migori Baseline Surveys July 2025,Water point,823467875,Low Risk/Safe
Migori Baseline Surveys July 2025,Water point,823467899,Low Risk/Safe
Migori Baseline Surveys July 2025,Water point,823467916,Low Risk/Safe
Migori Baseline Surveys July 2025,Water point,823467930,Low Risk/Safe
Migori Baseline Surveys July 2025,Water point,823467961,High Risk/Probably Unsafe
Migori Baseline Surveys July 2025,Water point,823467992,Intermediate Risk/Probably Safe
Migori Baseline Surveys July 2025,Water point,823468027,High Risk/Probably Unsafe
Migori Baseline Surveys July 2025,Water point,823468041,Intermediate Risk/Probably Safe
January 2025 Baseline,Water point,829441613,High Risk/Possibly Unsafe
January 2025 Baseline,Water point,829441637,High Risk/Probably Unsafe
January 2025 Baseline,Water point,829441682,Low Risk/Safe
January 2025 Baseline,Water point,829441682,Unsafe
January 2025 Baseline,Water point,829441840,Unsafe
January 2025 Baseline,Water point,829441864,High Risk/Probably Unsafe
January 2025 Baseline,Water point,829441929,Intermediate Risk/Possibly Safe
January 2025 Baseline,Water point,829441936,Unsafe
January 2025 Baseline,Water point,829441967,Intermediate Risk/Possibly Safe
January 2025 Baseline,Water point,829441967,Intermediate Risk/Possibly Safe
January 2025 Baseline,Water point,829442009,Intermediate Risk/Probably Safe
January 2025 Baseline,Water point,829442023,Unsafe
January 2025 Baseline,Water point,829442047,Intermediate Risk/Probably Safe
January 2025 Baseline,Water point,829442092,Intermediate Risk/Probably Safe
January 2025 Baseline,Water point,829442126,Low Risk/Safe
January 2025 Baseline,Water point,832177642,Intermediate Risk/Possibly Safe
January 2025 Baseline,Water point,832177673,Low Risk/Safe
January 2025 Baseline,Water point,832177769,Unsafe
January 2025 Baseline,Water point,832177790,Low Risk/Safe
January 2025 Baseline,Water point,832177831,Unsafe
January 2025 Baseline,Water point,832177831,Unsafe
January 2025 Baseline,Water point,832177855,Low Risk/Safe
January 2025 Baseline,Water point,832177886,High Risk/Probably Unsafe
January 2025 Baseline,Water point,832177910,Low Risk/Safe
January 2025 Baseline,Water point,832177958,Unsafe
January 2025 Baseline,Water point,832177958,Unsafe
January 2025 Baseline,Water point,832178007,Low Risk/Safe
January 2025 Baseline,Water point,832178038,Intermediate Risk/Probably Safe
January 2025 Baseline,Water point,832178069,Low Risk/Safe
January 2025 Baseline,Water point,832178069,High Risk/Probably Unsafe
January 2025 Baseline,Water point,832178100,Low Risk/Safe
January 2025 Baseline,Water point,832178100,Unsafe
January 2025 Baseline,Water point,832178100,Unsafe
January 2025 Baseline,Water point,832178186,Unsafe
January 2025 Baseline,Water point,832178186,High Risk/Probably Unsafe
January 2025 Baseline,Water point,832178210,Unsafe
January 2025 Baseline,Water point,832178210,Low Risk/Safe
January 2025 Baseline,Water point,832178265,Intermediate Risk/Possibly Safe
January 2025 Baseline,Water point,832178265,Unsafe
January 2025 Baseline,Water point,832178296,Intermediate Risk/Possibly Safe
January 2025 Baseline,Water point,832178296,Unsafe
January 2025 Baseline,Water point,832178320,Unsafe
January 2025 Baseline,Water point,832178368,Low Risk/Safe
January 2025 Baseline,Water point,832178368,Unsafe
January 2025 Baseline,Water point,832178409,Low Risk/Safe
January 2025 Baseline,Water point,832178409,Low Risk/Safe
January 2025 Baseline,Water point,832178447,Low Risk/Safe
January 2025 Baseline,Water point,832178478,Low Risk/Safe
January 2025 Baseline,Water point,832178478,High Risk/Probably Unsafe
January 2025 Baseline,Water point,832178492,Unsafe
January 2025 Baseline,Water point,832178492,Low Risk/Safe
January 2025 Baseline,Water point,832178533,High Risk/Possibly Unsafe
January 2025 Baseline,Water point,832178533,Intermediate Risk/Probably Safe
January 2025 Baseline,Water point,832178571,Unsafe
January 2025 Baseline,Water point,832178571,Low Risk/Safe
January 2025 Baseline,Water point,832178667,Low Risk/Safe
January 2025 Baseline,Water point,832178667,Unsafe
January 2025 Baseline,Water point,832178722,Unsafe
January 2025 Baseline,Water point,832178753,Low Risk/Safe
January 2025 Baseline,Water point,832178753,High Risk/Possibly Unsafe
January 2025 Baseline,Water point,832178801,Unsafe
January 2025 Baseline,Water point,832178832,Low Risk/Safe
January 2025 Baseline,Water point,832178832,Low Risk/Safe
January 2025 Baseline,Water point,832178887,Intermediate Risk/Possibly Safe
January 2025 Baseline,Water point,832178887,High Risk/Possibly Unsafe
January 2025 Baseline,Water point,832178928,Unsafe
January 2025 Baseline,Water point,832178966,Unsafe
January 2025 Baseline,Water point,832178966,Unsafe
January 2025 Baseline,Water point,832179008,Unsafe
January 2025 Baseline,Water point,832179008,Unsafe
January 2025 Baseline,Water point,832179053,Unsafe
January 2025 Baseline,Water point,832179053,Unsafe
January 2025 Baseline,Water point,832179125,Intermediate Risk/Probably Safe
January 2025 Baseline,Water point,832179125,Intermediate Risk/Probably Safe
January 2025 Baseline,Water point,832179163,Unsafe
January 2025 Baseline,Water point,832179163,Low Risk/Safe
January 2025 Baseline,Water point,832179235,Intermediate Risk/Possibly Safe
January 2025 Baseline,Water point,832179280,Low Risk/Safe
January 2025 Baseline,Water point,832179280,High Risk/Probably Unsafe
January 2025 Baseline,Water point,832179321,Intermediate Risk/Possibly Safe
January 2025 Baseline,Water point,832179321,Low Risk/Safe
January 2025 Baseline,Water point,832179369,Unsafe
January 2025 Baseline,Water point,832179400,Low Risk/Safe
January 2025 Baseline,Water point,832179424,Low Risk/Safe
January 2025 Baseline,Water point,832179486,Low Risk/Safe
January 2025 Baseline,Water point,832179486,Low Risk/Safe
January 2025 Baseline,Water point,832179541,Low Risk/Safe
January 2025 Baseline,Water point,832179596,Low Risk/Safe
January 2025 Baseline,Water point,832179596,Unsafe
January 2025 Baseline,Water point,832179682,Low Risk/Safe
January 2025 Baseline,Water point,832179682,Intermediate Risk/Probably Safe
January 2025 Baseline,Water point,832179754,High Risk/Probably Unsafe
January 2025 Baseline,Water point,832179754,Low Risk/Safe
January 2025 Baseline,Water point,832179754,Low Risk/Safe
January 2025 Baseline,Water point,832179819,Low Risk/Safe
January 2025 Baseline,Water point,832179819,Low Risk/Safe
January 2025 Baseline,Water point,832179857,Unsafe
January 2025 Baseline,Water point,832179857,Unsafe
January 2025 Baseline,Water point,832179895,Low Risk/Safe
January 2025 Baseline,Water point,832179936,Unsafe
January 2025 Baseline,Water point,832179936,Low Risk/Safe
January 2025 Baseline,Water point,832179981,Unsafe
January 2025 Baseline,Water point,832180044,Unsafe
January 2025 Baseline,Water point,832180068,Unsafe
January 2025 Baseline,Water point,832180109,Unsafe
January 2025 Baseline,Water point,832180154,Unsafe
January 2025 Baseline,Water point,832180185,High Risk/Possibly Unsafe
January 2025 Baseline,Water point,832180185,Low Risk/Safe
January 2025 Baseline,Water point,832180233,Unsafe
January 2025 Baseline,Water point,832180257,Unsafe
January 2025 Baseline,Water point,832180271,High Risk/Probably Unsafe
January 2025 Baseline,Water point,832180271,Unsafe
January 2025 Baseline,Water point,832180312,Unsafe
January 2025 Baseline,Water point,832180312,Low Risk/Safe
January 2025 Baseline,Water point,832180367,Intermediate Risk/Probably Safe
January 2025 Baseline,Water point,832180367,Intermediate Risk/Probably Safe
January 2025 Baseline,Water point,832180398,Low Risk/Safe
January 2025 Baseline,Water point,832180415,Low Risk/Safe
January 2025 Baseline,Water point,832180415,High Risk/Possibly Unsafe
January 2025 Baseline,Water point,832180453,Low Risk/Safe
January 2025 Baseline,Water point,832180453,Low Risk/Safe
January 2025 Baseline,Water point,832180518,Unsafe
January 2025 Baseline,Water point,832180518,Low Risk/Safe
January 2025 Baseline,Water point,832180556,Low Risk/Safe
January 2025 Baseline,Water point,832180594,Intermediate Risk/Probably Safe
January 2025 Baseline,Water point,832180594,Low Risk/Safe
January 2025 Baseline,Water point,832180707,High Risk/Possibly Unsafe
January 2025 Baseline,Water point,832180745,Intermediate Risk/Probably Safe
January 2025 Baseline,Water point,832180800,Unsafe
January 2025 Baseline,Water point,832180824,Unsafe
January 2025 Baseline,Water point,832180848,Unsafe
January 2025 Baseline,Water point,832180893,Unsafe
January 2025 Baseline,Water point,832180910,High Risk/Probably Unsafe
January 2025 Baseline,Water point,832180941,Low Risk/Safe
January 2025 Baseline,Water point,832181021,Unsafe
January 2025 Baseline,Water point,832181045,High Risk/Probably Unsafe
January 2025 Baseline,Water point,832181083,High Risk/Possibly Unsafe
January 2025 Baseline,Water point,832181100,Unsafe
January 2025 Baseline,Water point,832181148,Low Risk/Safe
January 2025 Baseline,Water point,832182259,Low Risk/Safe
January 2025 Baseline,Water point,832182297,Low Risk/Safe
January 2025 Baseline,Water point,832182321,High Risk/Probably Unsafe
January 2025 Baseline,Water point,832182424,Intermediate Risk/Probably Safe
January 2025 Baseline,Water point,832182448,Low Risk/Safe
January 2025 Baseline,Water point,832182479,Low Risk/Safe
January 2025 Baseline,Water point,832182493,Intermediate Risk/Possibly Safe
January 2025 Baseline,Water point,832182527,Unsafe
January 2025 Baseline,Water point,832182541,Low Risk/Safe
January 2025 Baseline,Water point,832182565,High Risk/Possibly Unsafe
January 2025 Baseline,Water point,832182606,Intermediate Risk/Probably Safe
January 2025 Baseline,Water point,832182620,Low Risk/Safe
January 2025 Baseline,Water point,832182651,Intermediate Risk/Possibly Safe
January 2025 Baseline,Water point,832182675,Unsafe
January 2025 Baseline,Water point,832182699,Low Risk/Safe
January 2025 Baseline,Water point,832182723,Low Risk/Safe
January 2025 Baseline,Water point,832182747,Unsafe
January 2025 Baseline,Water point,832182761,Low Risk/Safe
January 2025 Baseline,Water point,832182792,Intermediate Risk/Possibly Safe
January 2025 Baseline,Water point,832182826,Unsafe
January 2025 Baseline,Water point,832182840,Unsafe
January 2025 Baseline,Water point,832182864,Unsafe
January 2025 Baseline,Water point,832183779,Unsafe
January 2025 Baseline,Water point,832183793,Unsafe
January 2025 Baseline,Water point,832183810,Intermediate Risk/Possibly Safe
January 2025 Baseline,Water point,832183810,Unsafe
January 2025 Baseline,Water point,832183951,Unsafe
January 2025 Baseline,Water point,832184017,Unsafe
January 2025 Baseline,Water point,832184031,Intermediate Risk/Possibly Safe
January 2025 Baseline,Water point,832184031,Low Risk/Safe
January 2025 Baseline,Water point,832184062,Low Risk/Safe
January 2025 Baseline,Water point,832184103,Unsafe
January 2025 Baseline,Water point,832184127,Unsafe
January 2025 Baseline,Water point,832184127,Low Risk/Safe
January 2025 Baseline,Water point,832184158,Unsafe
January 2025 Baseline,Water point,832184189,High Risk/Probably Unsafe
January 2025 Baseline,Water point,832184206,Low Risk/Safe
January 2025 Baseline,Water point,832184732,High Risk/Possibly Unsafe
January 2025 Baseline,Water point,832184770,Unsafe
January 2025 Baseline,Water point,832184794,Unsafe
January 2025 Baseline,Water point,832189971,Unsafe
January 2025 Baseline,Water point,832195204,Unsafe
January 2025 Baseline,Water point,832438493,Low Risk/Safe
January 2025 Baseline,Water point,832449831,Low Risk/Safe
January 2025 Baseline,Water point,832462955,Unsafe
January 2025 Baseline,Water point,832593716,High Risk/Probably Unsafe
January 2025 Baseline,Water point,832593716,High Risk/Probably Unsafe
January 2025 Baseline,Water point,832809794,Low Risk/Safe
January 2025 Baseline,Water point,832849321,Intermediate Risk/Possibly Safe
January 2025 Baseline,Water point,832892587,Unsafe
January 2025 Baseline,Water point,832893162,Intermediate Risk/Possibly Safe
January 2025 Baseline,Water point,832893162,High Risk/Possibly Unsafe
January 2025 Baseline,Water point,832893210,Unsafe
January 2025 Baseline,Water point,832893210,Unsafe
January 2025 Baseline,Water point,832893258,High Risk/Probably Unsafe
January 2025 Baseline,Water point,832893296,Intermediate Risk/Possibly Safe
January 2025 Baseline,Water point,832893296,High Risk/Probably Unsafe
January 2025 Baseline,Water point,832893344,Unsafe
January 2025 Baseline,Water point,832893344,Intermediate Risk/Possibly Safe
January 2025 Baseline,Water point,832893375,Intermediate Risk/Possibly Safe
January 2025 Baseline,Water point,832893375,Low Risk/Safe
January 2025 Baseline,Water point,832893423,Unsafe
January 2025 Baseline,Water point,832893423,High Risk/Possibly Unsafe
January 2025 Baseline,Water point,832893478,Low Risk/Safe
January 2025 Baseline,Water point,832893478,Intermediate Risk/Probably Safe
January 2025 Baseline,Water point,832893519,High Risk/Possibly Unsafe
January 2025 Baseline,Water point,832893519,High Risk/Probably Unsafe
January 2025 Baseline,Water point,832893519,High Risk/Possibly Unsafe
January 2025 Baseline,Water point,832893557,Unsafe
January 2025 Baseline,Water point,832893557,Unsafe
January 2025 Baseline,Water point,832893588,Unsafe
January 2025 Baseline,Water point,832895267,High Risk/Possibly Unsafe
January 2025 Baseline,Water point,832895281,Low Risk/Safe
January 2025 Baseline,Water point,832895315,Unsafe
January 2025 Baseline,Water point,832895353,Unsafe
January 2025 Baseline,Water point,832895377,Low Risk/Safe
January 2025 Baseline,Water point,832895391,Unsafe
January 2025 Baseline,Water point,832895418,Unsafe
January 2025 Baseline,Water point,832895449,High Risk/Probably Unsafe
January 2025 Baseline,Water point,832895463,Unsafe
January 2025 Baseline,Water point,832895487,Intermediate Risk/Possibly Safe
January 2025 Baseline,Water point,832895511,Intermediate Risk/Possibly Safe
January 2025 Baseline,Water point,832895535,High Risk/Probably Unsafe
January 2025 Baseline,Water point,832895566,Unsafe
January 2025 Baseline,Water point,832895597,Intermediate Risk/Possibly Safe
January 2025 Baseline,Water point,832895614,Unsafe
January 2025 Baseline,Water point,832895638,Unsafe
January 2025 Baseline,Water point,832895652,Low Risk/Safe
January 2025 Baseline,Water point,832895676,Intermediate Risk/Possibly Safe
Migori Baseline Surveys July 2025,Water point,832895889,Intermediate Risk/Possibly Safe
Migori Baseline Surveys July 2025,Water point,832895913,Low Risk/Safe
Migori Baseline Surveys July 2025,Water point,832895944,Unsafe
Migori Baseline Surveys July 2025,Water point,832895975,Low Risk/Safe
Migori Baseline Surveys July 2025,Water point,832896062,Unsafe
Migori Baseline Surveys July 2025,Water point,832896086,Unsafe
Migori Baseline Surveys July 2025,Water point,832896103,Low Risk/Safe
Migori Baseline Surveys July 2025,Water point,832896127,Low Risk/Safe
Migori Baseline Surveys July 2025,Water point,832896158,Intermediate Risk/Possibly Safe
Migori Baseline Surveys July 2025,Water point,832896251,Intermediate Risk/Possibly Safe
Migori Baseline Surveys July 2025,Water point,832897324,Unsafe
Migori Baseline Surveys July 2025,Water point,832897355,Unsafe
Migori Baseline Surveys July 2025,Water point,832897410,Unsafe
Migori Baseline Surveys July 2025,Water point,832897434,Low Risk/Safe
Migori Baseline Surveys July 2025,Water point,832897458,Unsafe
Migori Baseline Surveys July 2025,Water point,832897544,Low Risk/Safe
Migori Baseline Surveys July 2025,Water point,832897575,Unsafe
Migori Baseline Surveys July 2025,Water point,832897575,High Risk/Probably Unsafe
Migori Baseline Surveys July 2025,Water point,832897609,Low Risk/Safe
July 2024 Baseline,Water point,832897654,Unsafe
January 2025 Baseline,Water point,832905999,High Risk/Probably Unsafe
January 2025 Baseline,Water point,832921456,Unsafe
January 2025 Baseline,Water point,833011934,High Risk/Possibly Unsafe
January 2025 Baseline,Water point,833052201,Unsafe
January 2025 Baseline,Water point,833274588,Unsafe
January 2025 Baseline,Water point,833290430,Unsafe
January 2025 Baseline,Water point,833291479,Unsafe
January 2025 Baseline,Water point,833300430,Unsafe
January 2025 Baseline,Water point,833437321,Intermediate Risk/Possibly Safe
January 2025 Baseline,Water point,833720481,Unsafe
January 2025 Baseline,Water point,833740564,Unsafe
January 2025 Baseline,Water point,834246140,Low Risk/Safe
January 2025 Baseline,Water point,834358410,Unsafe
January 2025 Baseline,Water point,834433294,Unsafe
January 2025 Baseline,Water point,834767793,Unsafe
January 2025 Baseline,Water point,834771505,Unsafe
January 2025 Baseline,Water point,834778162,Unsafe
January 2025 Baseline,Water point,834888210,Unsafe
January 2025 Baseline,Water point,834954476,Unsafe
January 2025 Baseline,Water point,834954548,Unsafe
January 2025 Baseline,Water point,834963166,High Risk/Possibly Unsafe
January 2025 Baseline,Water point,835762531,High Risk/Probably Unsafe
January 2025 Baseline,Water point,835775713,Intermediate Risk/Possibly Safe
January 2025 Baseline,Water point,835793777,Low Risk/Safe
January 2025 Baseline,Water point,835816203,Intermediate Risk/Probably Safe
January 2025 Baseline,Water point,835824442,Low Risk/Safe
January 2025 Baseline,Water point,835831556,Unsafe
January 2025 Baseline,Water point,835850920,Unsafe
January 2025 Baseline,Water point,835893945,Intermediate Risk/Probably Safe
January 2025 Baseline,Water point,835930792,Unsafe
January 2025 Baseline,Water point,835939667,Low Risk/Safe
January 2025 Baseline,Water point,835939825,Intermediate Risk/Probably Safe
January 2025 Baseline,Water point,836121126,High Risk/Probably Unsafe
January 2025 Baseline,Water point,836310416,Unsafe
January 2025 Baseline,Water point,836789368,Low Risk/Safe
January 2025 Baseline,Water point,836789382,Low Risk/Safe
January 2025 Baseline,Water point,836789416,Intermediate Risk/Possibly Safe
January 2025 Baseline,Water point,836789454,Unsafe
January 2025 Baseline,Water point,836789478,Intermediate Risk/Possibly Safe
January 2025 Baseline,Water point,836789502,Unsafe
January 2025 Baseline,Water point,836789571,High Risk/Possibly Unsafe
January 2025 Baseline,Water point,836789571,Unsafe
January 2025 Baseline,Water point,836789612,Low Risk/Safe
January 2025 Baseline,Water point,836789636,High Risk/Probably Unsafe
January 2025 Baseline,Water point,836789674,Unsafe
January 2025 Baseline,Water point,836789746,High Risk/Probably Unsafe
January 2025 Baseline,Water point,836789760,Unsafe
January 2025 Baseline,Water point,836789791,High Risk/Possibly Unsafe
January 2025 Baseline,Water point,836789825,Low Risk/Safe
January 2025 Baseline,Water point,836789856,Intermediate Risk/Possibly Safe
Migori Baseline Surveys July 2025,Water point,837379346,High Risk/Probably Unsafe
Migori Baseline Surveys July 2025,Water point,837481843,High Risk/Possibly Unsafe
Migori Baseline Surveys July 2025,Water point,837486532,Low Risk/Safe
Migori Baseline Surveys July 2025,Water point,837791148,Unsafe
Migori Baseline Surveys July 2025,Water point,837826154,Low Risk/Safe
Migori Baseline Surveys July 2025,Water point,837853073,Unsafe
Migori Baseline Surveys July 2025,Water point,837888811,Low Risk/Safe
Migori Baseline Surveys July 2025,Water point,837932002,High Risk/Probably Unsafe
Migori Baseline Surveys July 2025,Water point,837944489,Low Risk/Safe
Migori Baseline Surveys July 2025,Water point,837946065,Unsafe
Migori Baseline Surveys July 2025,Water point,838085619,High Risk/Possibly Unsafe
Migori Baseline Surveys July 2025,Water point,838438231,High Risk/Probably Unsafe
Migori Baseline Surveys July 2025,Water point,838552397,High Risk/Probably Unsafe
Migori Baseline Surveys July 2025,Water point,838587472,Unsafe
Migori Baseline Surveys July 2025,Water point,838701957,Unsafe
Migori Baseline Surveys July 2025,Water point,838883965,Low Risk/Safe
Migori Baseline Surveys July 2025,Water point,839016186,Unsafe
Migori Baseline Surveys July 2025,Water point,839017747,Unsafe
Migori Baseline Surveys July 2025,Water point,839116471,High Risk/Possibly Unsafe
Migori Baseline Surveys July 2025,Water point,839392888,Intermediate Risk/Possibly Safe
Migori Baseline Surveys July 2025,Water point,839505987,Low Risk/Safe
Migori Baseline Surveys July 2025,Water point,839569828,Intermediate Risk/Possibly Safe
Migori Baseline Surveys July 2025,Water point,839573087,Low Risk/Safe
January 2025 Baseline,Water point,840408930,Low Risk/Safe
January 2025 Baseline,Water point,840408978,Low Risk/Safe
January 2025 Baseline,Water point,840409003,Low Risk/Safe
January 2025 Baseline,Water point,840409429,Low Risk/Safe
Migori Baseline Surveys July 2025,Water point,851905356,Low Risk/Safe
Migori Baseline Surveys July 2025,Water point,851908414,Low Risk/Safe
Migori Baseline Surveys July 2025,Water point,851956462,Intermediate Risk/Possibly Safe
Migori Baseline Surveys July 2025,Water point,852203165,Low Risk/Safe
Migori Baseline Surveys July 2025,Water point,852239722,Unsafe
Migori Baseline Surveys July 2025,Water point,855109202,High Risk/Possibly Unsafe
January 2025 Baseline,Water point,860670890,Unsafe
January 2025 Baseline,Water point,860670962,High Risk/Probably Unsafe
January 2025 Baseline,Water point,860671114,High Risk/Possibly Unsafe
January 2025 Baseline,Water point,860671114,Low Risk/Safe
January 2025 Baseline,Water point,860671138,Unsafe
January 2025 Baseline,Water point,860671152,Intermediate Risk/Possibly Safe
January 2025 Baseline,Water point,860671183,Unsafe
January 2025 Baseline,Water point,860671200,Unsafe
January 2025 Baseline,Water point,860671224,Unsafe
January 2025 Baseline,Water point,860671224,Unsafe
Migori Baseline Surveys July 2025,Water point,897964739,Unsafe
Migori Baseline Surveys July 2025,Water point,897964753,Low Risk/Safe
Migori Baseline Surveys July 2025,Water point,897964801,Unsafe
Migori Baseline Surveys July 2025,Water point,897964825,Unsafe
Migori Baseline Surveys July 2025,Water point,897964887,Unsafe
Migori Baseline Surveys July 2025,Water point,897964911,Unsafe
Migori Baseline Surveys July 2025,Water point,897964935,Unsafe
Migori Baseline Surveys July 2025,Water point,897964980,High Risk/Probably Unsafe
Migori Baseline Surveys July 2025,Water point,897965008,Low Risk/Safe
Migori Baseline Surveys July 2025,Water point,897965022,Low Risk/Safe
Migori Baseline Surveys July 2025,Water point,897965046,Unsafe
Migori Baseline Surveys July 2025,Water point,897965091,Unsafe
Migori Baseline Surveys July 2025,Water point,901875556,Unsafe
Migori Baseline Surveys July 2025,Water point,901875594,Unsafe
Migori Baseline Surveys July 2025,Water point,901875611,Unsafe
Migori Baseline Surveys July 2025,Water point,901875659,Low Risk/Safe
Migori Baseline Surveys July 2025,Water point,901875697,Unsafe
Migori Baseline Surveys July 2025,Water point,901875697,High Risk/Probably Unsafe
Migori Baseline Surveys July 2025,Water point,901875721,Unsafe
Migori Baseline Surveys July 2025,Water point,901875776,High Risk/Probably Unsafe
Migori Baseline Surveys July 2025,Water point,901875790,Intermediate Risk/Possibly Safe
Migori Baseline Surveys July 2025,Water point,901875831,High Risk/Probably Unsafe
Migori Baseline Surveys July 2025,Water point,901875855,Unsafe
Migori Baseline Surveys July 2025,Water point,901875879,Unsafe
Migori Baseline Surveys July 2025,Water point,901875893,Unsafe
Migori Baseline Surveys July 2025,Water point,901875910,Unsafe
Migori Baseline Surveys July 2025,Water point,901875965,Unsafe
Migori Baseline Surveys July 2025,Water point,901875965,Unsafe
Migori Baseline Surveys July 2025,Water point,901875996,High Risk/Possibly Unsafe
Migori Baseline Surveys July 2025,Water point,901876014,Low Risk/Safe
Migori Baseline Surveys July 2025,Water point,908776393,Low Risk/Safe
Migori Baseline Surveys July 2025,Water point,910895240,Unsafe
Migori Baseline Surveys July 2025,Water point,913543223,High Risk/Probably Unsafe
Migori Baseline Surveys July 2025,Water point,916156341,Unsafe
Migori Baseline Surveys July 2025,Water point,916254524,Intermediate Risk/Probably Safe
Migori Baseline Surveys July 2025,Water point,917109508,Unsafe
Migori Baseline Surveys July 2025,Water point,917404038,High Risk/Probably Unsafe
Migori Baseline Surveys July 2025,Water point,917404038,Unsafe
Migori Baseline Surveys July 2025,Water point,918377681,Unsafe
Migori Baseline Surveys July 2025,Water point,924302192,Unsafe
Migori Baseline Surveys July 2025,Water point,924302219,Low Risk/Safe
Migori Baseline Surveys July 2025,Water point,924302233,Unsafe
Migori Baseline Surveys July 2025,Water point,924512339,Unsafe
Migori Baseline Surveys July 2025,Water point,924845150,High Risk/Possibly Unsafe
Migori Baseline Surveys July 2025,Water point,924860290,Unsafe
January 2025 Baseline,Water point,935650556,Low Risk/Safe
Migori Baseline Surveys July 2025,Water point,956481454,Unsafe
Migori Baseline Surveys July 2025,Water point,957028692,Unsafe
Migori Baseline Surveys July 2025,Water point,968691236,Unsafe
Migori Baseline Surveys July 2025,Water point,968924181,Unsafe
Migori Baseline Surveys July 2025,Water point,969010407,Unsafe
Migori Baseline Surveys July 2025,Water point,969146036,Unsafe
Migori Baseline Surveys July 2025,Water point,969225742,Unsafe
